model_family,model_size,experiment_type,seed,step,k,sparsity,learning_rate,iteration_num
Qwen,1.5B,SFT,42,0,1,99.84038270594401,3e-06,1
Qwen,1.5B,SFT,42,1,1,99.6865682343253,3e-06,1
Qwen,1.5B,SFT,42,2,1,99.67729294293045,3e-06,1
Qwen,1.5B,SFT,42,3,1,99.37755710528158,3e-06,1
Qwen,1.5B,SFT,42,4,1,99.36446206564398,3e-06,1
Qwen,1.5B,SFT,42,5,1,99.35828061096984,3e-06,1
Qwen,1.5B,SFT,42,6,1,98.81049919972756,3e-06,1
Qwen,1.5B,SFT,42,7,1,98.77320836174619,3e-06,1
Qwen,1.5B,SFT,42,8,1,98.75814981111945,3e-06,1
Qwen,1.5B,SFT,42,9,1,98.75026648713362,3e-06,1
Qwen,1.5B,SFT,42,10,1,98.74547609296494,3e-06,1
Qwen,1.5B,SFT,42,11,1,98.73988561551866,3e-06,1
Qwen,1.5B,SFT,42,12,1,98.13675503780264,3e-06,1
Qwen,1.5B,SFT,42,13,1,97.84068399744517,3e-06,1
Qwen,1.5B,SFT,42,14,1,97.75244558464621,3e-06,1
Qwen,1.5B,SFT,42,15,1,97.71693013994383,3e-06,1
Qwen,1.5B,SFT,42,16,1,97.7014627701474,3e-06,1
Qwen,1.5B,SFT,42,17,1,97.69340830050378,3e-06,1
Qwen,1.5B,SFT,42,18,1,97.69221131736045,3e-06,1
Qwen,1.5B,SFT,42,19,1,97.69293586852713,3e-06,1
Qwen,1.5B,SFT,42,20,1,97.72525596808876,3e-06,1
Qwen,1.5B,SFT,42,21,1,97.75839150350971,3e-06,1
Qwen,1.5B,SFT,42,22,1,97.79242688159998,3e-06,1
Qwen,1.5B,SFT,42,23,1,97.82559752714451,3e-06,1
Qwen,1.5B,SFT,42,24,1,97.8591154519742,3e-06,1
Qwen,1.5B,SFT,42,25,1,97.89098138718808,3e-06,1
Qwen,1.5B,SFT,42,26,1,97.9213182182187,3e-06,1
Qwen,1.5B,SFT,42,27,1,97.95011460877154,3e-06,1
Qwen,1.5B,SFT,42,28,1,97.97543827125152,3e-06,1
Qwen,1.5B,SFT,42,29,1,97.99428618885169,3e-06,1
Qwen,1.5B,SFT,42,30,1,98.01040277204038,3e-06,1
Qwen,1.5B,SFT,42,31,1,98.02501033248183,3e-06,1
Qwen,1.5B,SFT,42,32,1,98.03523709527019,3e-06,1
Qwen,1.5B,SFT,42,33,1,98.04609778364792,3e-06,1
Qwen,1.5B,SFT,42,34,1,98.05641601413832,3e-06,1
Qwen,1.5B,SFT,42,35,1,98.06684087057602,3e-06,1
Qwen,1.5B,SFT,42,36,1,98.07598213458026,3e-06,1
Qwen,1.5B,SFT,42,37,1,98.08500919351461,3e-06,1
Qwen,1.5B,SFT,42,38,1,98.09259706127592,3e-06,1
Qwen,1.5B,SFT,42,39,1,98.09685030942099,3e-06,1
Qwen,1.5B,SFT,42,40,1,98.10041962272315,3e-06,1
Qwen,1.5B,SFT,42,41,1,98.1035612662173,3e-06,1
Qwen,1.5B,SFT,42,42,1,98.10392700746783,3e-06,1
Qwen,1.5B,SFT,42,43,1,98.10214131435553,3e-06,1
Qwen,1.5B,SFT,42,44,1,98.09960898049695,3e-06,1
Qwen,1.5B,SFT,42,45,1,98.09528525298941,3e-06,1
Qwen,1.5B,SFT,42,46,1,98.09048235650734,3e-06,1
Qwen,1.5B,SFT,42,47,1,98.08263595645221,3e-06,1
Qwen,1.5B,SFT,42,48,1,98.07443081125975,3e-06,1
Qwen,1.5B,SFT,42,49,1,98.06581736512821,3e-06,1
Qwen,1.5B,SFT,42,50,1,98.05432566620824,3e-06,1
Qwen,1.5B,SFT,42,51,1,98.04912256614033,3e-06,1
Qwen,1.5B,SFT,42,52,1,98.04534356377901,3e-06,1
Qwen,1.5B,SFT,42,53,1,98.0516724550607,3e-06,1
Qwen,1.5B,SFT,42,54,1,98.04977709139631,3e-06,1
Qwen,1.5B,SFT,42,55,1,98.0284968584446,3e-06,1
Qwen,1.5B,SFT,42,56,1,98.00002928521158,3e-06,1
Qwen,1.5B,SFT,42,57,1,97.96460155103934,3e-06,1
Qwen,1.5B,SFT,42,58,1,97.95325741828457,3e-06,1
Qwen,1.5B,SFT,42,59,1,97.94131058333446,3e-06,1
Qwen,1.5B,SFT,42,60,1,97.91279513854916,3e-06,1
Qwen,1.5B,SFT,42,61,1,97.95665260610295,3e-06,1
Qwen,1.5B,SFT,42,62,1,97.97580329993497,3e-06,1
Qwen,1.5B,SFT,42,63,1,97.9498923526202,3e-06,1
Qwen,1.5B,SFT,42,64,1,97.9809336533815,3e-06,1
Qwen,1.5B,SFT,42,65,1,97.99846967020136,3e-06,1
Qwen,1.5B,SFT,42,66,1,98.02278181131629,3e-06,1
Qwen,1.5B,SFT,42,67,1,98.04417067835888,3e-06,1
Qwen,1.5B,SFT,42,68,1,98.08186651355923,3e-06,1
Qwen,1.5B,SFT,42,69,1,98.10964833814224,3e-06,1
Qwen,1.5B,SFT,42,70,1,98.13210514890713,3e-06,1
Qwen,1.5B,SFT,42,71,1,98.15086276482413,3e-06,1
Qwen,1.5B,SFT,42,72,1,98.18851707679713,3e-06,1
Qwen,1.5B,SFT,42,73,1,98.23875538825091,3e-06,1
Qwen,1.5B,SFT,42,74,1,98.26184605982637,3e-06,1
Qwen,1.5B,SFT,42,75,1,98.26180265801308,3e-06,1
Qwen,1.5B,SFT,42,76,1,98.2414192879047,3e-06,1
Qwen,1.5B,SFT,42,77,1,98.2317972354553,3e-06,1
Qwen,1.5B,SFT,42,78,1,98.23950449059258,3e-06,1
Qwen,1.5B,SFT,42,79,1,98.24694492174635,3e-06,1
Qwen,1.5B,SFT,42,80,1,98.26062996692943,3e-06,1
Qwen,1.5B,SFT,42,81,1,98.25826579890264,3e-06,1
Qwen,1.5B,SFT,42,82,1,98.27269767916849,3e-06,1
Qwen,1.5B,SFT,42,83,1,98.266720148238,3e-06,1
Qwen,1.5B,SFT,42,84,1,98.26461723321572,3e-06,1
Qwen,1.5B,SFT,42,85,1,98.2611290877823,3e-06,1
Qwen,1.5B,SFT,42,86,1,98.27164016483714,3e-06,1
Qwen,1.5B,SFT,42,87,1,98.29121043112391,3e-06,1
Qwen,1.5B,SFT,42,88,1,98.29183036448693,3e-06,1
Qwen,1.5B,SFT,42,89,1,98.31095391599092,3e-06,1
Qwen,1.5B,SFT,42,90,1,98.31582793962373,3e-06,1
Qwen,1.5B,SFT,42,91,1,98.34409716009212,3e-06,1
Qwen,1.5B,SFT,42,92,1,98.38410799619047,3e-06,1
Qwen,1.5B,SFT,42,93,1,98.39199423522346,3e-06,1
Qwen,1.5B,SFT,42,94,1,98.40624039459571,3e-06,1
Qwen,1.5B,SFT,42,95,1,98.42708291702141,3e-06,1
Qwen,1.5B,SFT,42,96,1,98.45073606314139,3e-06,1
Qwen,1.5B,SFT,42,97,1,98.48255607016776,3e-06,1
Qwen,1.5B,SFT,42,98,1,98.49859155026654,3e-06,1
Qwen,1.5B,SFT,1337,0,1,99.84038095691572,3e-06,1
Qwen,1.5B,SFT,1337,1,1,99.68544438647632,3e-06,1
Qwen,1.5B,SFT,1337,2,1,99.67687103843795,3e-06,1
Qwen,1.5B,SFT,1337,3,1,99.37669023503459,3e-06,1
Qwen,1.5B,SFT,1337,4,1,99.36431585983414,3e-06,1
Qwen,1.5B,SFT,1337,5,1,99.35830283010709,3e-06,1
Qwen,1.5B,SFT,1337,6,1,98.80969594228752,3e-06,1
Qwen,1.5B,SFT,1337,7,1,98.77030465087924,3e-06,1
Qwen,1.5B,SFT,1337,8,1,98.75834505450045,3e-06,1
Qwen,1.5B,SFT,1337,9,1,98.7496681251196,3e-06,1
Qwen,1.5B,SFT,1337,10,1,98.74499057566548,3e-06,1
Qwen,1.5B,SFT,1337,11,1,98.73796285041095,3e-06,1
Qwen,1.5B,SFT,1337,12,1,98.14187483230057,3e-06,1
Qwen,1.5B,SFT,1337,13,1,97.83742270745974,3e-06,1
Qwen,1.5B,SFT,1337,14,1,97.74887776125705,3e-06,1
Qwen,1.5B,SFT,1337,15,1,97.71620299762411,3e-06,1
Qwen,1.5B,SFT,1337,16,1,97.70014231856207,3e-06,1
Qwen,1.5B,SFT,1337,17,1,97.69285061959236,3e-06,1
Qwen,1.5B,SFT,1337,18,1,97.690877521337,3e-06,1
Qwen,1.5B,SFT,1337,19,1,97.69125440454557,3e-06,1
Qwen,1.5B,SFT,1337,20,1,97.72355856851605,3e-06,1
Qwen,1.5B,SFT,1337,21,1,97.75594247522112,3e-06,1
Qwen,1.5B,SFT,1337,22,1,97.79011835858456,3e-06,1
Qwen,1.5B,SFT,1337,23,1,97.82478928173487,3e-06,1
Qwen,1.5B,SFT,1337,24,1,97.85947750083166,3e-06,1
Qwen,1.5B,SFT,1337,25,1,97.89219437070138,3e-06,1
Qwen,1.5B,SFT,1337,26,1,97.92376186986475,3e-06,1
Qwen,1.5B,SFT,1337,27,1,97.95229292634707,3e-06,1
Qwen,1.5B,SFT,1337,28,1,97.97625545613911,3e-06,1
Qwen,1.5B,SFT,1337,29,1,97.99473666080638,3e-06,1
Qwen,1.5B,SFT,1337,30,1,98.0093953965202,3e-06,1
Qwen,1.5B,SFT,1337,31,1,98.02262012336708,3e-06,1
Qwen,1.5B,SFT,1337,32,1,98.03423088576886,3e-06,1
Qwen,1.5B,SFT,1337,33,1,98.04588582732987,3e-06,1
Qwen,1.5B,SFT,1337,34,1,98.05677521272744,3e-06,1
Qwen,1.5B,SFT,1337,35,1,98.06689632125091,3e-06,1
Qwen,1.5B,SFT,1337,36,1,98.07665492746513,3e-06,1
Qwen,1.5B,SFT,1337,37,1,98.08426494958486,3e-06,1
Qwen,1.5B,SFT,1337,38,1,98.0901620252137,3e-06,1
Qwen,1.5B,SFT,1337,39,1,98.09462470330261,3e-06,1
Qwen,1.5B,SFT,1337,40,1,98.10023921369326,3e-06,1
Qwen,1.5B,SFT,1337,41,1,98.10074487720753,3e-06,1
Qwen,1.5B,SFT,1337,42,1,98.10224826419694,3e-06,1
Qwen,1.5B,SFT,1337,43,1,98.10182091828308,3e-06,1
Qwen,1.5B,SFT,1337,44,1,98.09794526591365,3e-06,1
Qwen,1.5B,SFT,1337,45,1,98.09316614326067,3e-06,1
Qwen,1.5B,SFT,1337,46,1,98.0877443498768,3e-06,1
Qwen,1.5B,SFT,1337,47,1,98.08021335792455,3e-06,1
Qwen,1.5B,SFT,1337,48,1,98.0731306354469,3e-06,1
Qwen,1.5B,SFT,1337,49,1,98.06195952693588,3e-06,1
Qwen,1.5B,SFT,1337,50,1,98.0532109521737,3e-06,1
Qwen,1.5B,SFT,1337,51,1,98.04685161484387,3e-06,1
Qwen,1.5B,SFT,1337,52,1,98.04025874984703,3e-06,1
Qwen,1.5B,SFT,1337,53,1,98.02867292729316,3e-06,1
Qwen,1.5B,SFT,1337,54,1,98.03391917005906,3e-06,1
Qwen,1.5B,SFT,1337,55,1,98.02506118386009,3e-06,1
Qwen,1.5B,SFT,1337,56,1,97.99307819330798,3e-06,1
Qwen,1.5B,SFT,1337,57,1,97.9547292579858,3e-06,1
Qwen,1.5B,SFT,1337,58,1,97.9370651086485,3e-06,1
Qwen,1.5B,SFT,1337,59,1,97.92514250097925,3e-06,1
Qwen,1.5B,SFT,1337,60,1,97.89430253280855,3e-06,1
Qwen,1.5B,SFT,1337,61,1,97.96639333336124,3e-06,1
Qwen,1.5B,SFT,1337,62,1,98.01131971631973,3e-06,1
Qwen,1.5B,SFT,1337,63,1,97.99180852832208,3e-06,1
Qwen,1.5B,SFT,1337,64,1,97.99238726235188,3e-06,1
Qwen,1.5B,SFT,1337,65,1,98.01166757861434,3e-06,1
Qwen,1.5B,SFT,1337,66,1,98.0316313114891,3e-06,1
Qwen,1.5B,SFT,1337,67,1,98.05178478154465,3e-06,1
Qwen,1.5B,SFT,1337,68,1,98.09142754435473,3e-06,1
Qwen,1.5B,SFT,1337,69,1,98.12288556730249,3e-06,1
Qwen,1.5B,SFT,1337,70,1,98.1412609881472,3e-06,1
Qwen,1.5B,SFT,1337,71,1,98.15575680511411,3e-06,1
Qwen,1.5B,SFT,1337,72,1,98.18337538705607,3e-06,1
Qwen,1.5B,SFT,1337,73,1,98.21485200152684,3e-06,1
Qwen,1.5B,SFT,1337,74,1,98.22732846815676,3e-06,1
Qwen,1.5B,SFT,1337,75,1,98.23882055574967,3e-06,1
Qwen,1.5B,SFT,1337,76,1,98.22372935659473,3e-06,1
Qwen,1.5B,SFT,1337,77,1,98.21608454824553,3e-06,1
Qwen,1.5B,SFT,1337,78,1,98.21498874962812,3e-06,1
Qwen,1.5B,SFT,1337,79,1,98.21593283623548,3e-06,1
Qwen,1.5B,SFT,1337,80,1,98.22901628046326,3e-06,1
Qwen,1.5B,SFT,1337,81,1,98.2259421365056,3e-06,1
Qwen,1.5B,SFT,1337,82,1,98.2358354826775,3e-06,1
Qwen,1.5B,SFT,1337,83,1,98.26586778844798,3e-06,1
Qwen,1.5B,SFT,1337,84,1,98.26907829183398,3e-06,1
Qwen,1.5B,SFT,1337,85,1,98.26912383134852,3e-06,1
Qwen,1.5B,SFT,1337,86,1,98.27237048131931,3e-06,1
Qwen,1.5B,SFT,1337,87,1,98.27423144742721,3e-06,1
Qwen,1.5B,SFT,1337,88,1,98.27872256342064,3e-06,1
Qwen,1.5B,SFT,1337,89,1,98.31302755098395,3e-06,1
Qwen,1.5B,SFT,1337,90,1,98.33549420813037,3e-06,1
Qwen,1.5B,SFT,1337,91,1,98.34959824275879,3e-06,1
Qwen,1.5B,SFT,1337,92,1,98.37435703387769,3e-06,1
Qwen,1.5B,SFT,1337,93,1,98.3766535080315,3e-06,1
Qwen,1.5B,SFT,1337,94,1,98.38917272868646,3e-06,1
Qwen,1.5B,SFT,1337,95,1,98.41219907488788,3e-06,1
Qwen,1.5B,SFT,1337,96,1,98.44332828051581,3e-06,1
Qwen,1.5B,SFT,1337,97,1,98.45596539863377,3e-06,1
Qwen,1.5B,SFT,1337,98,1,98.46908783971467,3e-06,1
Qwen,1.5B,SFT,2024,0,1,99.84037907832976,3e-06,1
Qwen,1.5B,SFT,2024,1,1,99.68544866187882,3e-06,1
Qwen,1.5B,SFT,2024,2,1,99.67715230809962,3e-06,1
Qwen,1.5B,SFT,2024,3,1,99.37797771419756,3e-06,1
Qwen,1.5B,SFT,2024,4,1,99.36496805305238,3e-06,1
Qwen,1.5B,SFT,2024,5,1,99.35859660208214,3e-06,1
Qwen,1.5B,SFT,2024,6,1,98.81057686953972,3e-06,1
Qwen,1.5B,SFT,2024,7,1,98.77047029033683,3e-06,1
Qwen,1.5B,SFT,2024,8,1,98.75506180449307,3e-06,1
Qwen,1.5B,SFT,2024,9,1,98.74783481957034,3e-06,1
Qwen,1.5B,SFT,2024,10,1,98.74355300396309,3e-06,1
Qwen,1.5B,SFT,2024,11,1,98.73817564885374,3e-06,1
Qwen,1.5B,SFT,2024,12,1,98.13421972411807,3e-06,1
Qwen,1.5B,SFT,2024,13,1,97.82756401795963,3e-06,1
Qwen,1.5B,SFT,2024,14,1,97.74583412812635,3e-06,1
Qwen,1.5B,SFT,2024,15,1,97.71263089883243,3e-06,1
Qwen,1.5B,SFT,2024,16,1,97.6988909859839,3e-06,1
Qwen,1.5B,SFT,2024,17,1,97.69307864105922,3e-06,1
Qwen,1.5B,SFT,2024,18,1,97.69121022538637,3e-06,1
Qwen,1.5B,SFT,2024,19,1,97.69296352908576,3e-06,1
Qwen,1.5B,SFT,2024,20,1,97.72575236823096,3e-06,1
Qwen,1.5B,SFT,2024,21,1,97.75891012278915,3e-06,1
Qwen,1.5B,SFT,2024,22,1,97.79276658176252,3e-06,1
Qwen,1.5B,SFT,2024,23,1,97.82658099927795,3e-06,1
Qwen,1.5B,SFT,2024,24,1,97.86006174106164,3e-06,1
Qwen,1.5B,SFT,2024,25,1,97.89282019893754,3e-06,1
Qwen,1.5B,SFT,2024,26,1,97.92371050025588,3e-06,1
Qwen,1.5B,SFT,2024,27,1,97.95182509366708,3e-06,1
Qwen,1.5B,SFT,2024,28,1,97.97621211910466,3e-06,1
Qwen,1.5B,SFT,2024,29,1,97.99456311833204,3e-06,1
Qwen,1.5B,SFT,2024,30,1,98.0110192073468,3e-06,1
Qwen,1.5B,SFT,2024,31,1,98.02388985313179,3e-06,1
Qwen,1.5B,SFT,2024,32,1,98.0342593236734,3e-06,1
Qwen,1.5B,SFT,2024,33,1,98.04395574221485,3e-06,1
Qwen,1.5B,SFT,2024,34,1,98.055857555881,3e-06,1
Qwen,1.5B,SFT,2024,35,1,98.06534713563164,3e-06,1
Qwen,1.5B,SFT,2024,36,1,98.07662551787821,3e-06,1
Qwen,1.5B,SFT,2024,37,1,98.0833155511138,3e-06,1
Qwen,1.5B,SFT,2024,38,1,98.08967300985766,3e-06,1
Qwen,1.5B,SFT,2024,39,1,98.09537840494092,3e-06,1
Qwen,1.5B,SFT,2024,40,1,98.09966877135318,3e-06,1
Qwen,1.5B,SFT,2024,41,1,98.10300449220945,3e-06,1
Qwen,1.5B,SFT,2024,42,1,98.10466840112923,3e-06,1
Qwen,1.5B,SFT,2024,43,1,98.10249740356102,3e-06,1
Qwen,1.5B,SFT,2024,44,1,98.09941943765263,3e-06,1
Qwen,1.5B,SFT,2024,45,1,98.09473204181698,3e-06,1
Qwen,1.5B,SFT,2024,46,1,98.08954941185802,3e-06,1
Qwen,1.5B,SFT,2024,47,1,98.08231407046677,3e-06,1
Qwen,1.5B,SFT,2024,48,1,98.07278316182526,3e-06,1
Qwen,1.5B,SFT,2024,49,1,98.06623337474755,3e-06,1
Qwen,1.5B,SFT,2024,50,1,98.06068254194268,3e-06,1
Qwen,1.5B,SFT,2024,51,1,98.05241676376927,3e-06,1
Qwen,1.5B,SFT,2024,52,1,98.04203679905787,3e-06,1
Qwen,1.5B,SFT,2024,53,1,98.03621234049277,3e-06,1
Qwen,1.5B,SFT,2024,54,1,98.03969744132137,3e-06,1
Qwen,1.5B,SFT,2024,55,1,98.03208087654023,3e-06,1
Qwen,1.5B,SFT,2024,56,1,97.99990154136708,3e-06,1
Qwen,1.5B,SFT,2024,57,1,97.97513031271362,3e-06,1
Qwen,1.5B,SFT,2024,58,1,97.9681081584381,3e-06,1
Qwen,1.5B,SFT,2024,59,1,97.94286035196316,3e-06,1
Qwen,1.5B,SFT,2024,60,1,97.9077548276705,3e-06,1
Qwen,1.5B,SFT,2024,61,1,97.97626012021458,3e-06,1
Qwen,1.5B,SFT,2024,62,1,97.97576838414784,3e-06,1
Qwen,1.5B,SFT,2024,63,1,97.95569569328808,3e-06,1
Qwen,1.5B,SFT,2024,64,1,97.95806109211254,3e-06,1
Qwen,1.5B,SFT,2024,65,1,97.9724455542779,3e-06,1
Qwen,1.5B,SFT,2024,66,1,98.00388602216385,3e-06,1
Qwen,1.5B,SFT,2024,67,1,98.03130048602569,3e-06,1
Qwen,1.5B,SFT,2024,68,1,98.06765663032945,3e-06,1
Qwen,1.5B,SFT,2024,69,1,98.10159425717157,3e-06,1
Qwen,1.5B,SFT,2024,70,1,98.1242614695627,3e-06,1
Qwen,1.5B,SFT,2024,71,1,98.14232750673534,3e-06,1
Qwen,1.5B,SFT,2024,72,1,98.18841569793474,3e-06,1
Qwen,1.5B,SFT,2024,73,1,98.23179380217752,3e-06,1
Qwen,1.5B,SFT,2024,74,1,98.26255720177612,3e-06,1
Qwen,1.5B,SFT,2024,75,1,98.25155212139565,3e-06,1
Qwen,1.5B,SFT,2024,76,1,98.23564691151556,3e-06,1
Qwen,1.5B,SFT,2024,77,1,98.23316756673648,3e-06,1
Qwen,1.5B,SFT,2024,78,1,98.23591924169928,3e-06,1
Qwen,1.5B,SFT,2024,79,1,98.2361687697363,3e-06,1
Qwen,1.5B,SFT,2024,80,1,98.24488780535391,3e-06,1
Qwen,1.5B,SFT,2024,81,1,98.24488340039376,3e-06,1
Qwen,1.5B,SFT,2024,82,1,98.24621531783124,3e-06,1
Qwen,1.5B,SFT,2024,83,1,98.24707596931096,3e-06,1
Qwen,1.5B,SFT,2024,84,1,98.25844018350173,3e-06,1
Qwen,1.5B,SFT,2024,85,1,98.27610601708851,3e-06,1
Qwen,1.5B,SFT,2024,86,1,98.28124161761994,3e-06,1
Qwen,1.5B,SFT,2024,87,1,98.28699851186971,3e-06,1
Qwen,1.5B,SFT,2024,88,1,98.28897186924038,3e-06,1
Qwen,1.5B,SFT,2024,89,1,98.31598062331616,3e-06,1
Qwen,1.5B,SFT,2024,90,1,98.34111189268347,3e-06,1
Qwen,1.5B,SFT,2024,91,1,98.36853302876438,3e-06,1
Qwen,1.5B,SFT,2024,92,1,98.39525248060409,3e-06,1
Qwen,1.5B,SFT,2024,93,1,98.41231444597666,3e-06,1
Qwen,1.5B,SFT,2024,94,1,98.42118260245128,3e-06,1
Qwen,1.5B,SFT,2024,95,1,98.4378134647381,3e-06,1
Qwen,1.5B,SFT,2024,96,1,98.45621168772949,3e-06,1
Qwen,1.5B,SFT,2024,97,1,98.46542045127023,3e-06,1
Qwen,1.5B,SFT,2024,98,1,98.48481283490135,3e-06,1
Qwen,1.5B,SFT,9999,0,1,99.84038290028049,3e-06,1
Qwen,1.5B,SFT,9999,1,1,99.68621428282107,3e-06,1
Qwen,1.5B,SFT,9999,2,1,99.67722421259627,3e-06,1
Qwen,1.5B,SFT,9999,3,1,99.37731366645419,3e-06,1
Qwen,1.5B,SFT,9999,4,1,99.36463858794431,3e-06,1
Qwen,1.5B,SFT,9999,5,1,99.35892995391976,3e-06,1
Qwen,1.5B,SFT,9999,6,1,98.8143959699942,3e-06,1
Qwen,1.5B,SFT,9999,7,1,98.77225714946799,3e-06,1
Qwen,1.5B,SFT,9999,8,1,98.75705634453978,3e-06,1
Qwen,1.5B,SFT,9999,9,1,98.74899876551251,3e-06,1
Qwen,1.5B,SFT,9999,10,1,98.74473243204463,3e-06,1
Qwen,1.5B,SFT,9999,11,1,98.73863227479688,3e-06,1
Qwen,1.5B,SFT,9999,12,1,98.13677673870929,3e-06,1
Qwen,1.5B,SFT,9999,13,1,97.83544274264884,3e-06,1
Qwen,1.5B,SFT,9999,14,1,97.75376085392547,3e-06,1
Qwen,1.5B,SFT,9999,15,1,97.7174199974246,3e-06,1
Qwen,1.5B,SFT,9999,16,1,97.70160897595726,3e-06,1
Qwen,1.5B,SFT,9999,17,1,97.69417301454246,3e-06,1
Qwen,1.5B,SFT,9999,18,1,97.69265414541368,3e-06,1
Qwen,1.5B,SFT,9999,19,1,97.69261307563812,3e-06,1
Qwen,1.5B,SFT,9999,20,1,97.72312357870075,3e-06,1
Qwen,1.5B,SFT,9999,21,1,97.7558834617108,3e-06,1
Qwen,1.5B,SFT,9999,22,1,97.79014193807717,3e-06,1
Qwen,1.5B,SFT,9999,23,1,97.8232014231566,3e-06,1
Qwen,1.5B,SFT,9999,24,1,97.85676035298303,3e-06,1
Qwen,1.5B,SFT,9999,25,1,97.8891392717185,3e-06,1
Qwen,1.5B,SFT,9999,26,1,97.92004434260913,3e-06,1
Qwen,1.5B,SFT,9999,27,1,97.94877537132673,3e-06,1
Qwen,1.5B,SFT,9999,28,1,97.97318863218877,3e-06,1
Qwen,1.5B,SFT,9999,29,1,97.99182841542161,3e-06,1
Qwen,1.5B,SFT,9999,30,1,98.00763976078309,3e-06,1
Qwen,1.5B,SFT,9999,31,1,98.02117898882928,3e-06,1
Qwen,1.5B,SFT,9999,32,1,98.03278936255812,3e-06,1
Qwen,1.5B,SFT,9999,33,1,98.04517876644616,3e-06,1
Qwen,1.5B,SFT,9999,34,1,98.05500202192854,3e-06,1
Qwen,1.5B,SFT,9999,35,1,98.06583258815226,3e-06,1
Qwen,1.5B,SFT,9999,36,1,98.07493051512205,3e-06,1
Qwen,1.5B,SFT,9999,37,1,98.085337427825,3e-06,1
Qwen,1.5B,SFT,9999,38,1,98.0928073333445,3e-06,1
Qwen,1.5B,SFT,9999,39,1,98.09851110895711,3e-06,1
Qwen,1.5B,SFT,9999,40,1,98.10294295232495,3e-06,1
Qwen,1.5B,SFT,9999,41,1,98.10453761267992,3e-06,1
Qwen,1.5B,SFT,9999,42,1,98.10468900079584,3e-06,1
Qwen,1.5B,SFT,9999,43,1,98.104805343567,3e-06,1
Qwen,1.5B,SFT,9999,44,1,98.10216450517517,3e-06,1
Qwen,1.5B,SFT,9999,45,1,98.09791255260663,3e-06,1
Qwen,1.5B,SFT,9999,46,1,98.09182748882529,3e-06,1
Qwen,1.5B,SFT,9999,47,1,98.08479438692822,3e-06,1
Qwen,1.5B,SFT,9999,48,1,98.07646557895728,3e-06,1
Qwen,1.5B,SFT,9999,49,1,98.07013176448484,3e-06,1
Qwen,1.5B,SFT,9999,50,1,98.06131368204255,3e-06,1
Qwen,1.5B,SFT,9999,51,1,98.053709166123,3e-06,1
Qwen,1.5B,SFT,9999,52,1,98.04916447804062,3e-06,1
Qwen,1.5B,SFT,9999,53,1,98.03950245705568,3e-06,1
Qwen,1.5B,SFT,9999,54,1,98.04329849624818,3e-06,1
Qwen,1.5B,SFT,9999,55,1,98.05393990830055,3e-06,1
Qwen,1.5B,SFT,9999,56,1,98.01687281638351,3e-06,1
Qwen,1.5B,SFT,9999,57,1,97.98106586696498,3e-06,1
Qwen,1.5B,SFT,9999,58,1,97.97757312223493,3e-06,1
Qwen,1.5B,SFT,9999,59,1,97.95594211194147,3e-06,1
Qwen,1.5B,SFT,9999,60,1,97.92883223811859,3e-06,1
Qwen,1.5B,SFT,9999,61,1,97.98781601495091,3e-06,1
Qwen,1.5B,SFT,9999,62,1,98.0202499309095,3e-06,1
Qwen,1.5B,SFT,9999,63,1,97.99105029216598,3e-06,1
Qwen,1.5B,SFT,9999,64,1,97.99688783605389,3e-06,1
Qwen,1.5B,SFT,9999,65,1,98.01947375101864,3e-06,1
Qwen,1.5B,SFT,9999,66,1,98.03470130960191,3e-06,1
Qwen,1.5B,SFT,9999,67,1,98.0572135710417,3e-06,1
Qwen,1.5B,SFT,9999,68,1,98.08212031699875,3e-06,1
Qwen,1.5B,SFT,9999,69,1,98.11307999643955,3e-06,1
Qwen,1.5B,SFT,9999,70,1,98.13285470470059,3e-06,1
Qwen,1.5B,SFT,9999,71,1,98.14832596122656,3e-06,1
Qwen,1.5B,SFT,9999,72,1,98.16503034748068,3e-06,1
Qwen,1.5B,SFT,9999,73,1,98.20305247362661,3e-06,1
Qwen,1.5B,SFT,9999,74,1,98.24101422590692,3e-06,1
Qwen,1.5B,SFT,9999,75,1,98.26038076278654,3e-06,1
Qwen,1.5B,SFT,9999,76,1,98.25019578234082,3e-06,1
Qwen,1.5B,SFT,9999,77,1,98.24341428140319,3e-06,1
Qwen,1.5B,SFT,9999,78,1,98.2381487345472,3e-06,1
Qwen,1.5B,SFT,9999,79,1,98.23232019491607,3e-06,1
Qwen,1.5B,SFT,9999,80,1,98.23444416305675,3e-06,1
Qwen,1.5B,SFT,9999,81,1,98.23056883458146,3e-06,1
Qwen,1.5B,SFT,9999,82,1,98.24664901207004,3e-06,1
Qwen,1.5B,SFT,9999,83,1,98.26186601170471,3e-06,1
Qwen,1.5B,SFT,9999,84,1,98.27006811229236,3e-06,1
Qwen,1.5B,SFT,9999,85,1,98.26693016119128,3e-06,1
Qwen,1.5B,SFT,9999,86,1,98.27390437913569,3e-06,1
Qwen,1.5B,SFT,9999,87,1,98.27759055343961,3e-06,1
Qwen,1.5B,SFT,9999,88,1,98.28122114751099,3e-06,1
Qwen,1.5B,SFT,9999,89,1,98.29457815272016,3e-06,1
Qwen,1.5B,SFT,9999,90,1,98.33546155960215,3e-06,1
Qwen,1.5B,SFT,9999,91,1,98.34862772639049,3e-06,1
Qwen,1.5B,SFT,9999,92,1,98.37787245119677,3e-06,1
Qwen,1.5B,SFT,9999,93,1,98.38860850511365,3e-06,1
Qwen,1.5B,SFT,9999,94,1,98.41955024081969,3e-06,1
Qwen,1.5B,SFT,9999,95,1,98.44282961311474,3e-06,1
Qwen,1.5B,SFT,9999,96,1,98.46654559469575,3e-06,1
Qwen,1.5B,SFT,9999,97,1,98.47286133587578,3e-06,1
Qwen,1.5B,SFT,9999,98,1,98.4788677581626,3e-06,1
Qwen,1.5B,SFT,42,0,1,98.78253353283691,2e-05,1
Qwen,1.5B,SFT,42,1,1,97.69762896489945,2e-05,1
Qwen,1.5B,SFT,42,2,1,97.48818632440424,2e-05,1
Qwen,1.5B,SFT,42,3,1,95.88357885682971,2e-05,1
Qwen,1.5B,SFT,42,4,1,95.37355799483478,2e-05,1
Qwen,1.5B,SFT,42,5,1,95.32049850073813,2e-05,1
Qwen,1.5B,SFT,42,6,1,95.31814735325533,2e-05,1
Qwen,1.5B,SFT,42,7,1,94.14309287892691,2e-05,1
Qwen,1.5B,SFT,42,8,1,93.34046716198596,2e-05,1
Qwen,1.5B,SFT,42,9,1,93.07688918065502,2e-05,1
Qwen,1.5B,SFT,42,10,1,92.98194849142241,2e-05,1
Qwen,1.5B,SFT,42,11,1,92.9245782903622,2e-05,1
Qwen,1.5B,SFT,42,12,1,92.88044907563415,2e-05,1
Qwen,1.5B,SFT,42,13,1,93.17153499667255,2e-05,1
Qwen,1.5B,SFT,42,14,1,93.12193598745068,2e-05,1
Qwen,1.5B,SFT,42,15,1,92.84342240570442,2e-05,1
Qwen,1.5B,SFT,42,16,1,92.72065363980717,2e-05,1
Qwen,1.5B,SFT,42,17,1,92.56257743401723,2e-05,1
Qwen,1.5B,SFT,42,18,1,92.42492715802419,2e-05,1
Qwen,1.5B,SFT,42,19,1,92.56024319380796,2e-05,1
Qwen,1.5B,SFT,42,20,1,93.04635522765746,2e-05,1
Qwen,1.5B,SFT,42,21,1,93.23350442958647,2e-05,1
Qwen,1.5B,SFT,42,22,1,93.485208581704,2e-05,1
Qwen,1.5B,SFT,42,23,1,93.64304704920322,2e-05,1
Qwen,1.5B,SFT,42,24,1,93.7893857852081,2e-05,1
Qwen,1.5B,SFT,42,25,1,94.00443593998077,2e-05,1
Qwen,1.5B,SFT,42,26,1,94.17325150340771,2e-05,1
Qwen,1.5B,SFT,42,27,1,94.29992915321202,2e-05,1
Qwen,1.5B,SFT,42,28,1,94.4248034900634,2e-05,1
Qwen,1.5B,SFT,42,29,1,94.49214412409823,2e-05,1
Qwen,1.5B,SFT,42,30,1,94.56814011616491,2e-05,1
Qwen,1.5B,SFT,42,31,1,94.70608960555437,2e-05,1
Qwen,1.5B,SFT,42,32,1,94.77526484071498,2e-05,1
Qwen,1.5B,SFT,42,33,1,94.90107490770521,2e-05,1
Qwen,1.5B,SFT,42,34,1,94.9978389265479,2e-05,1
Qwen,1.5B,SFT,42,35,1,95.10465078906208,2e-05,1
Qwen,1.5B,SFT,42,36,1,95.1194952456695,2e-05,1
Qwen,1.5B,SFT,42,37,1,95.20031615901901,2e-05,1
Qwen,1.5B,SFT,42,38,1,95.2536776520016,2e-05,1
Qwen,1.5B,SFT,42,39,1,95.23520182397688,2e-05,1
Qwen,1.5B,SFT,42,40,1,95.29244065357835,2e-05,1
Qwen,1.5B,SFT,42,41,1,95.32683872831433,2e-05,1
Qwen,1.5B,SFT,42,42,1,95.4151765766109,2e-05,1
Qwen,1.5B,SFT,42,43,1,95.44062746470476,2e-05,1
Qwen,1.5B,SFT,42,44,1,95.48971439730857,2e-05,1
Qwen,1.5B,SFT,42,45,1,95.58031147193412,2e-05,1
Qwen,1.5B,SFT,42,46,1,95.60334533247934,2e-05,1
Qwen,1.5B,SFT,42,47,1,95.6492085468167,2e-05,1
Qwen,1.5B,SFT,42,48,1,95.69474754313089,2e-05,1
Qwen,1.5B,SFT,42,49,1,95.68685864816602,2e-05,1
Qwen,1.5B,SFT,42,50,1,95.72618619720971,2e-05,1
Qwen,1.5B,SFT,42,51,1,95.7865620710087,2e-05,1
Qwen,1.5B,SFT,42,52,1,95.82151374559007,2e-05,1
Qwen,1.5B,SFT,42,53,1,95.70876296032559,2e-05,1
Qwen,1.5B,SFT,42,54,1,95.72877313961845,2e-05,1
Qwen,1.5B,SFT,42,55,1,95.80061829886367,2e-05,1
Qwen,1.5B,SFT,42,56,1,95.8248445432556,2e-05,1
Qwen,1.5B,SFT,42,57,1,95.88982774626153,2e-05,1
Qwen,1.5B,SFT,42,58,1,95.98744963109444,2e-05,1
Qwen,1.5B,SFT,42,59,1,96.02771589010294,2e-05,1
Qwen,1.5B,SFT,42,60,1,96.10792574478859,2e-05,1
Qwen,1.5B,SFT,42,61,1,96.13227746576611,2e-05,1
Qwen,1.5B,SFT,42,62,1,96.14670565363888,2e-05,1
Qwen,1.5B,SFT,42,63,1,96.15368583123526,2e-05,1
Qwen,1.5B,SFT,42,64,1,96.19805252513875,2e-05,1
Qwen,1.5B,SFT,42,65,1,96.24167445688188,2e-05,1
Qwen,1.5B,SFT,42,66,1,96.23592229148639,2e-05,1
Qwen,1.5B,SFT,42,67,1,96.30029819300036,2e-05,1
Qwen,1.5B,SFT,42,68,1,96.30446638654713,2e-05,1
Qwen,1.5B,SFT,42,69,1,96.26839786022997,2e-05,1
Qwen,1.5B,SFT,42,70,1,96.33086939382277,2e-05,1
Qwen,1.5B,SFT,42,71,1,96.308167459981,2e-05,1
Qwen,1.5B,SFT,42,72,1,96.29371634040388,2e-05,1
Qwen,1.5B,SFT,42,73,1,96.28045404183804,2e-05,1
Qwen,1.5B,SFT,42,74,1,96.29341557231564,2e-05,1
Qwen,1.5B,SFT,42,75,1,96.33586261049506,2e-05,1
Qwen,1.5B,SFT,42,76,1,96.32828569035532,2e-05,1
Qwen,1.5B,SFT,42,77,1,96.37561452562663,2e-05,1
Qwen,1.5B,SFT,42,78,1,96.37019590640523,2e-05,1
Qwen,1.5B,SFT,42,79,1,96.33827335449759,2e-05,1
Qwen,1.5B,SFT,42,80,1,96.38541400727993,2e-05,1
Qwen,1.5B,SFT,42,81,1,96.33580709504133,2e-05,1
Qwen,1.5B,SFT,42,82,1,96.32902773180496,2e-05,1
Qwen,1.5B,SFT,42,83,1,96.32864605496329,2e-05,1
Qwen,1.5B,SFT,42,84,1,96.32614947901655,2e-05,1
Qwen,1.5B,SFT,42,85,1,96.29946772845346,2e-05,1
Qwen,1.5B,SFT,42,86,1,96.31685617910813,2e-05,1
Qwen,1.5B,SFT,42,87,1,96.32431021381531,2e-05,1
Qwen,1.5B,SFT,42,88,1,96.32371424861785,2e-05,1
Qwen,1.5B,SFT,42,89,1,96.33993253456308,2e-05,1
Qwen,1.5B,SFT,42,90,1,96.36050421671807,2e-05,1
Qwen,1.5B,SFT,42,91,1,96.35760037629346,2e-05,1
Qwen,1.5B,SFT,42,92,1,96.34947620463326,2e-05,1
Qwen,1.5B,SFT,42,93,1,96.34123219214533,2e-05,1
Qwen,1.5B,SFT,42,94,1,96.31074572202706,2e-05,1
Qwen,1.5B,SFT,42,95,1,96.34393172015332,2e-05,1
Qwen,1.5B,SFT,42,96,1,96.32291805206982,2e-05,1
Qwen,1.5B,SFT,42,97,1,96.34747440935807,2e-05,1
Qwen,1.5B,SFT,42,98,1,96.41430458624552,2e-05,1
Qwen,1.5B,SFT,42,99,1,96.37989821981982,2e-05,1
Qwen,1.5B,SFT,42,100,1,96.32974658243498,2e-05,1
Qwen,1.5B,SFT,42,101,1,96.36028759632455,2e-05,1
Qwen,1.5B,SFT,42,102,1,96.37458415362329,2e-05,1
Qwen,1.5B,SFT,42,103,1,96.4132343752643,2e-05,1
Qwen,1.5B,SFT,42,104,1,96.42577821187307,2e-05,1
Qwen,1.5B,SFT,42,105,1,96.3699972945253,2e-05,1
Qwen,1.5B,SFT,42,106,1,96.39193529167429,2e-05,1
Qwen,1.5B,SFT,42,107,1,96.37793237679296,2e-05,1
Qwen,1.5B,SFT,42,108,1,96.25797131954282,2e-05,1
Qwen,1.5B,SFT,42,109,1,96.27979809144789,2e-05,1
Qwen,1.5B,SFT,42,110,1,96.38165178263452,2e-05,1
Qwen,1.5B,SFT,42,111,1,96.41209012208517,2e-05,1
Qwen,1.5B,SFT,42,112,1,96.39645005193914,2e-05,1
Qwen,1.5B,SFT,42,113,1,96.45419098221947,2e-05,1
Qwen,1.5B,SFT,42,114,1,96.46056269230502,2e-05,1
Qwen,1.5B,SFT,42,115,1,96.4904446464208,2e-05,1
Qwen,1.5B,SFT,42,116,1,96.48422957153605,2e-05,1
Qwen,1.5B,SFT,42,117,1,96.46476696765777,2e-05,1
Qwen,1.5B,SFT,42,118,1,96.462958018947,2e-05,1
Qwen,1.5B,SFT,42,119,1,96.47776665286378,2e-05,1
Qwen,1.5B,SFT,42,120,1,96.54104073132952,2e-05,1
Qwen,1.5B,SFT,42,121,1,96.54562182511202,2e-05,1
Qwen,1.5B,SFT,42,122,1,96.57495043849772,2e-05,1
Qwen,1.5B,SFT,42,123,1,96.59221023840432,2e-05,1
Qwen,1.5B,SFT,42,124,1,96.64670438915618,2e-05,1
Qwen,1.5B,SFT,42,125,1,96.69554866027853,2e-05,1
Qwen,1.5B,SFT,42,126,1,96.71410947812271,2e-05,1
Qwen,1.5B,SFT,42,127,1,96.72342162866944,2e-05,1
Qwen,1.5B,SFT,42,128,1,96.71821768647678,2e-05,1
Qwen,1.5B,SFT,42,129,1,96.689099215602,2e-05,1
Qwen,1.5B,SFT,42,130,1,96.70448807346155,2e-05,1
Qwen,1.5B,SFT,42,131,1,96.70973865640879,2e-05,1
Qwen,1.5B,SFT,42,132,1,96.71804181196471,2e-05,1
Qwen,1.5B,SFT,42,133,1,96.65943608435981,2e-05,1
Qwen,1.5B,SFT,42,134,1,96.63668122621736,2e-05,1
Qwen,1.5B,SFT,42,135,1,96.63184302527522,2e-05,1
Qwen,1.5B,SFT,42,136,1,96.64886897362065,2e-05,1
Qwen,1.5B,SFT,42,137,1,96.66487005616293,2e-05,1
Qwen,1.5B,SFT,42,138,1,96.65797480360719,2e-05,1
Qwen,1.5B,SFT,42,139,1,96.65115987679545,2e-05,1
Qwen,1.5B,SFT,42,140,1,96.62215276072223,2e-05,1
Qwen,1.5B,SFT,42,141,1,96.60518155048462,2e-05,1
Qwen,1.5B,SFT,42,142,1,96.61506537416913,2e-05,1
Qwen,1.5B,SFT,42,143,1,96.62827727480848,2e-05,1
Qwen,1.5B,SFT,42,144,1,96.66864581958295,2e-05,1
Qwen,1.5B,SFT,42,145,1,96.65184536633016,2e-05,1
Qwen,1.5B,SFT,42,146,1,96.69145146432484,2e-05,1
Qwen,1.5B,SFT,42,147,1,96.7083816047869,2e-05,1
Qwen,1.5B,SFT,42,148,1,96.72671206912649,2e-05,1
Qwen,1.5B,SFT,42,149,1,96.70917158256765,2e-05,1
Qwen,1.5B,SFT,42,150,1,96.68118473300096,2e-05,1
Qwen,1.5B,SFT,42,151,1,96.7169101258778,2e-05,1
Qwen,1.5B,SFT,42,152,1,96.71215730342809,2e-05,1
Qwen,1.5B,SFT,42,153,1,96.7217673070159,2e-05,1
Qwen,1.5B,SFT,42,154,1,96.69796303189531,2e-05,1
Qwen,1.5B,SFT,42,155,1,96.67364285820597,2e-05,1
Qwen,1.5B,SFT,42,156,1,96.68788584341576,2e-05,1
Qwen,1.5B,SFT,42,157,1,96.66521772412105,2e-05,1
Qwen,1.5B,SFT,42,158,1,96.65853397443158,2e-05,1
Qwen,1.5B,SFT,42,159,1,96.59015759175085,2e-05,1
Qwen,1.5B,SFT,42,160,1,96.61852799674519,2e-05,1
Qwen,1.5B,SFT,42,161,1,96.60672775627789,2e-05,1
Qwen,1.5B,SFT,42,162,1,96.61060159484019,2e-05,1
Qwen,1.5B,SFT,42,163,1,96.51554391504816,2e-05,1
Qwen,1.5B,SFT,42,164,1,96.57447282421502,2e-05,1
Qwen,1.5B,SFT,42,165,1,96.57963511362269,2e-05,1
Qwen,1.5B,SFT,42,166,1,96.55428845465954,2e-05,1
Qwen,1.5B,SFT,42,167,1,96.59046542073112,2e-05,1
Qwen,1.5B,SFT,42,168,1,96.60081681798033,2e-05,1
Qwen,1.5B,SFT,42,169,1,96.60088632566043,2e-05,1
Qwen,1.5B,SFT,42,170,1,96.61060522245442,2e-05,1
Qwen,1.5B,SFT,42,171,1,96.57129600581844,2e-05,1
Qwen,1.5B,SFT,42,172,1,96.60952024190092,2e-05,1
Qwen,1.5B,SFT,42,173,1,96.58244042545323,2e-05,1
Qwen,1.5B,SFT,42,174,1,96.62294830948201,2e-05,1
Qwen,1.5B,SFT,42,175,1,96.59162787676028,2e-05,1
Qwen,1.5B,SFT,42,176,1,96.5543299778869,2e-05,1
Qwen,1.5B,SFT,42,177,1,96.5765430907091,2e-05,1
Qwen,1.5B,SFT,42,178,1,96.54995028147384,2e-05,1
Qwen,1.5B,SFT,42,179,1,96.58479545966557,2e-05,1
Qwen,1.5B,SFT,42,180,1,96.58789927232546,2e-05,1
Qwen,1.5B,SFT,42,181,1,96.60269300711228,2e-05,1
Qwen,1.5B,SFT,42,182,1,96.65490772054154,2e-05,1
Qwen,1.5B,SFT,42,183,1,96.6922482438823,2e-05,1
Qwen,1.5B,SFT,42,184,1,96.68768133666266,2e-05,1
Qwen,1.5B,SFT,42,185,1,96.66615578629761,2e-05,1
Qwen,1.5B,SFT,42,186,1,96.68449836427764,2e-05,1
Qwen,1.5B,SFT,42,187,1,96.6644239891684,2e-05,1
Qwen,1.5B,SFT,42,188,1,96.65275214033386,2e-05,1
Qwen,1.5B,SFT,42,189,1,96.65922905123253,2e-05,1
Qwen,1.5B,SFT,42,190,1,96.66599694861672,2e-05,1
Qwen,1.5B,SFT,42,191,1,96.672240461406,2e-05,1
Qwen,1.5B,SFT,42,192,1,96.63731936243042,2e-05,1
Qwen,1.5B,SFT,42,193,1,96.57874349786422,2e-05,1
Qwen,1.5B,SFT,42,194,1,96.51262809054077,2e-05,1
Qwen,1.5B,SFT,42,195,1,96.52242718352113,2e-05,1
Qwen,1.5B,SFT,42,196,1,96.54856479194741,2e-05,1
Qwen,1.5B,SFT,42,197,1,96.52919313754056,2e-05,1
Qwen,1.5B,SFT,42,198,1,96.53782245448443,2e-05,1
Qwen,1.5B,SFT,42,199,1,96.57487937612579,2e-05,1
Qwen,1.5B,SFT,42,200,1,96.57946481008962,2e-05,1
Qwen,1.5B,SFT,42,201,1,96.60574162821257,2e-05,1
Qwen,1.5B,SFT,42,202,1,96.56648086613829,2e-05,1
Qwen,1.5B,SFT,42,203,1,96.61670233509736,2e-05,1
Qwen,1.5B,SFT,42,204,1,96.63673104113441,2e-05,1
Qwen,1.5B,SFT,1337,0,1,98.78252621282961,2e-05,1
Qwen,1.5B,SFT,1337,1,1,97.65699826021694,2e-05,1
Qwen,1.5B,SFT,1337,2,1,97.48871977803478,2e-05,1
Qwen,1.5B,SFT,1337,3,1,95.90543452009109,2e-05,1
Qwen,1.5B,SFT,1337,4,1,95.37363100057146,2e-05,1
Qwen,1.5B,SFT,1337,5,1,95.32165162861638,2e-05,1
Qwen,1.5B,SFT,1337,6,1,95.31478708122407,2e-05,1
Qwen,1.5B,SFT,1337,7,1,94.14449223112206,2e-05,1
Qwen,1.5B,SFT,1337,8,1,93.34422854450663,2e-05,1
Qwen,1.5B,SFT,1337,9,1,93.07378465542806,2e-05,1
Qwen,1.5B,SFT,1337,10,1,92.9768350452494,2e-05,1
Qwen,1.5B,SFT,1337,11,1,92.92037550492245,2e-05,1
Qwen,1.5B,SFT,1337,12,1,92.87940684910568,2e-05,1
Qwen,1.5B,SFT,1337,13,1,93.18240021956808,2e-05,1
Qwen,1.5B,SFT,1337,14,1,93.13388638523622,2e-05,1
Qwen,1.5B,SFT,1337,15,1,92.83087967033569,2e-05,1
Qwen,1.5B,SFT,1337,16,1,92.73371674348364,2e-05,1
Qwen,1.5B,SFT,1337,17,1,92.87522984563859,2e-05,1
Qwen,1.5B,SFT,1337,18,1,92.71364450607565,2e-05,1
Qwen,1.5B,SFT,1337,19,1,92.73425395428609,2e-05,1
Qwen,1.5B,SFT,1337,20,1,93.15934316820322,2e-05,1
Qwen,1.5B,SFT,1337,21,1,93.36797639726994,2e-05,1
Qwen,1.5B,SFT,1337,22,1,93.4849972731742,2e-05,1
Qwen,1.5B,SFT,1337,23,1,93.66743828526447,2e-05,1
Qwen,1.5B,SFT,1337,24,1,93.81961462993608,2e-05,1
Qwen,1.5B,SFT,1337,25,1,94.00902513111649,2e-05,1
Qwen,1.5B,SFT,1337,26,1,94.18360879553008,2e-05,1
Qwen,1.5B,SFT,1337,27,1,94.31224632870928,2e-05,1
Qwen,1.5B,SFT,1337,28,1,94.41700800616537,2e-05,1
Qwen,1.5B,SFT,1337,29,1,94.48272010051933,2e-05,1
Qwen,1.5B,SFT,1337,30,1,94.5626409120842,2e-05,1
Qwen,1.5B,SFT,1337,31,1,94.70042566891964,2e-05,1
Qwen,1.5B,SFT,1337,32,1,94.77038932716918,2e-05,1
Qwen,1.5B,SFT,1337,33,1,94.88927447290143,2e-05,1
Qwen,1.5B,SFT,1337,34,1,94.99070068861654,2e-05,1
Qwen,1.5B,SFT,1337,35,1,95.09991843672131,2e-05,1
Qwen,1.5B,SFT,1337,36,1,95.1218062302803,2e-05,1
Qwen,1.5B,SFT,1337,37,1,95.20867904065233,2e-05,1
Qwen,1.5B,SFT,1337,38,1,95.26347784622199,2e-05,1
Qwen,1.5B,SFT,1337,39,1,95.2437165471779,2e-05,1
Qwen,1.5B,SFT,1337,40,1,95.29826796241177,2e-05,1
Qwen,1.5B,SFT,1337,41,1,95.32671998872661,2e-05,1
Qwen,1.5B,SFT,1337,42,1,95.41325504230088,2e-05,1
Qwen,1.5B,SFT,1337,43,1,95.43828881953536,2e-05,1
Qwen,1.5B,SFT,1337,44,1,95.49116945929394,2e-05,1
Qwen,1.5B,SFT,1337,45,1,95.58069735939948,2e-05,1
Qwen,1.5B,SFT,1337,46,1,95.60640898226723,2e-05,1
Qwen,1.5B,SFT,1337,47,1,95.65451237795877,2e-05,1
Qwen,1.5B,SFT,1337,48,1,95.70767603640732,2e-05,1
Qwen,1.5B,SFT,1337,49,1,95.69561130399424,2e-05,1
Qwen,1.5B,SFT,1337,50,1,95.72730745390567,2e-05,1
Qwen,1.5B,SFT,1337,51,1,95.79182871910476,2e-05,1
Qwen,1.5B,SFT,1337,52,1,95.82642385102885,2e-05,1
Qwen,1.5B,SFT,1337,53,1,95.70889420222667,2e-05,1
Qwen,1.5B,SFT,1337,54,1,95.72974164784314,2e-05,1
Qwen,1.5B,SFT,1337,55,1,95.8008206679155,2e-05,1
Qwen,1.5B,SFT,1337,56,1,95.82172129694796,2e-05,1
Qwen,1.5B,SFT,1337,57,1,95.88184971563236,2e-05,1
Qwen,1.5B,SFT,1337,58,1,95.97993392694507,2e-05,1
Qwen,1.5B,SFT,1337,59,1,96.01781237365537,2e-05,1
Qwen,1.5B,SFT,1337,60,1,96.10099946317527,2e-05,1
Qwen,1.5B,SFT,1337,61,1,96.13632607760043,2e-05,1
Qwen,1.5B,SFT,1337,62,1,96.13796673092173,2e-05,1
Qwen,1.5B,SFT,1337,63,1,96.14366804493896,2e-05,1
Qwen,1.5B,SFT,1337,64,1,96.18829897167294,2e-05,1
Qwen,1.5B,SFT,1337,65,1,96.23311367593573,2e-05,1
Qwen,1.5B,SFT,1337,66,1,96.23460682787066,2e-05,1
Qwen,1.5B,SFT,1337,67,1,96.30186033438477,2e-05,1
Qwen,1.5B,SFT,1337,68,1,96.31267017138426,2e-05,1
Qwen,1.5B,SFT,1337,69,1,96.276084386143,2e-05,1
Qwen,1.5B,SFT,1337,70,1,96.33787237356583,2e-05,1
Qwen,1.5B,SFT,1337,71,1,96.30647304023427,2e-05,1
Qwen,1.5B,SFT,1337,72,1,96.27943150807262,2e-05,1
Qwen,1.5B,SFT,1337,73,1,96.26451495263207,2e-05,1
Qwen,1.5B,SFT,1337,74,1,96.27581626658296,2e-05,1
Qwen,1.5B,SFT,1337,75,1,96.32443556084326,2e-05,1
Qwen,1.5B,SFT,1337,76,1,96.31621441528083,2e-05,1
Qwen,1.5B,SFT,1337,77,1,96.3641929173962,2e-05,1
Qwen,1.5B,SFT,1337,78,1,96.3684849032791,2e-05,1
Qwen,1.5B,SFT,1337,79,1,96.34323929928424,2e-05,1
Qwen,1.5B,SFT,1337,80,1,96.38516519180999,2e-05,1
Qwen,1.5B,SFT,1337,81,1,96.3421173300212,2e-05,1
Qwen,1.5B,SFT,1337,82,1,96.31881871841487,2e-05,1
Qwen,1.5B,SFT,1337,83,1,96.30299376949998,2e-05,1
Qwen,1.5B,SFT,1337,84,1,96.30754700838737,2e-05,1
Qwen,1.5B,SFT,1337,85,1,96.2805683764656,2e-05,1
Qwen,1.5B,SFT,1337,86,1,96.2997627312262,2e-05,1
Qwen,1.5B,SFT,1337,87,1,96.31683603289329,2e-05,1
Qwen,1.5B,SFT,1337,88,1,96.31870263475902,2e-05,1
Qwen,1.5B,SFT,1337,89,1,96.33783551441394,2e-05,1
Qwen,1.5B,SFT,1337,90,1,96.35486839409373,2e-05,1
Qwen,1.5B,SFT,1337,91,1,96.36317388168737,2e-05,1
Qwen,1.5B,SFT,1337,92,1,96.35180247704695,2e-05,1
Qwen,1.5B,SFT,1337,93,1,96.33335579949384,2e-05,1
Qwen,1.5B,SFT,1337,94,1,96.2996962033721,2e-05,1
Qwen,1.5B,SFT,1337,95,1,96.3233792773096,2e-05,1
Qwen,1.5B,SFT,1337,96,1,96.309160389823,2e-05,1
Qwen,1.5B,SFT,1337,97,1,96.33148116505372,2e-05,1
Qwen,1.5B,SFT,1337,98,1,96.40461775497029,2e-05,1
Qwen,1.5B,SFT,1337,99,1,96.37909029830432,2e-05,1
Qwen,1.5B,SFT,1337,100,1,96.33338443173484,2e-05,1
Qwen,1.5B,SFT,1337,101,1,96.36020999129123,2e-05,1
Qwen,1.5B,SFT,1337,102,1,96.38432222494973,2e-05,1
Qwen,1.5B,SFT,1337,103,1,96.41367364048212,2e-05,1
Qwen,1.5B,SFT,1337,104,1,96.43061194307623,2e-05,1
Qwen,1.5B,SFT,1337,105,1,96.3765706610956,2e-05,1
Qwen,1.5B,SFT,1337,106,1,96.39943065527234,2e-05,1
Qwen,1.5B,SFT,1337,107,1,96.38515100524715,2e-05,1
Qwen,1.5B,SFT,1337,108,1,96.27066557258513,2e-05,1
Qwen,1.5B,SFT,1337,109,1,96.29314913700509,2e-05,1
Qwen,1.5B,SFT,1337,110,1,96.39677854536482,2e-05,1
Qwen,1.5B,SFT,1337,111,1,96.42446883746696,2e-05,1
Qwen,1.5B,SFT,1337,112,1,96.40600104201664,2e-05,1
Qwen,1.5B,SFT,1337,113,1,96.46256047129302,2e-05,1
Qwen,1.5B,SFT,1337,114,1,96.4699407229176,2e-05,1
Qwen,1.5B,SFT,1337,115,1,96.50255096684003,2e-05,1
Qwen,1.5B,SFT,1337,116,1,96.50467856259496,2e-05,1
Qwen,1.5B,SFT,1337,117,1,96.48866173879802,2e-05,1
Qwen,1.5B,SFT,1337,118,1,96.48559847768308,2e-05,1
Qwen,1.5B,SFT,1337,119,1,96.49545762063497,2e-05,1
Qwen,1.5B,SFT,1337,120,1,96.55715161398155,2e-05,1
Qwen,1.5B,SFT,1337,121,1,96.56550911897232,2e-05,1
Qwen,1.5B,SFT,1337,122,1,96.59405300166215,2e-05,1
Qwen,1.5B,SFT,1337,123,1,96.60375913702747,2e-05,1
Qwen,1.5B,SFT,1337,124,1,96.6541818090195,2e-05,1
Qwen,1.5B,SFT,1337,125,1,96.70226207867022,2e-05,1
Qwen,1.5B,SFT,1337,126,1,96.71219785497304,2e-05,1
Qwen,1.5B,SFT,1337,127,1,96.7203194354802,2e-05,1
Qwen,1.5B,SFT,1337,128,1,96.70913316872395,2e-05,1
Qwen,1.5B,SFT,1337,129,1,96.69940073315534,2e-05,1
Qwen,1.5B,SFT,1337,130,1,96.7085186767823,2e-05,1
Qwen,1.5B,SFT,1337,131,1,96.73415677568276,2e-05,1
Qwen,1.5B,SFT,1337,132,1,96.73626416044402,2e-05,1
Qwen,1.5B,SFT,1337,133,1,96.6933347143488,2e-05,1
Qwen,1.5B,SFT,1337,134,1,96.67511489224368,2e-05,1
Qwen,1.5B,SFT,1337,135,1,96.66453774078653,2e-05,1
Qwen,1.5B,SFT,1337,136,1,96.67342099072756,2e-05,1
Qwen,1.5B,SFT,1337,137,1,96.68589551399272,2e-05,1
Qwen,1.5B,SFT,1337,138,1,96.68595193635,2e-05,1
Qwen,1.5B,SFT,1337,139,1,96.6612721753986,2e-05,1
Qwen,1.5B,SFT,1337,140,1,96.61921717867298,2e-05,1
Qwen,1.5B,SFT,1337,141,1,96.61198760259722,2e-05,1
Qwen,1.5B,SFT,1337,142,1,96.61992151884601,2e-05,1
Qwen,1.5B,SFT,1337,143,1,96.63495150201057,2e-05,1
Qwen,1.5B,SFT,1337,144,1,96.67661510507062,2e-05,1
Qwen,1.5B,SFT,1337,145,1,96.66016970456212,2e-05,1
Qwen,1.5B,SFT,1337,146,1,96.70342472903587,2e-05,1
Qwen,1.5B,SFT,1337,147,1,96.72651812132202,2e-05,1
Qwen,1.5B,SFT,1337,148,1,96.73885142674689,2e-05,1
Qwen,1.5B,SFT,1337,149,1,96.71928977604395,2e-05,1
Qwen,1.5B,SFT,1337,150,1,96.69272197143546,2e-05,1
Qwen,1.5B,SFT,1337,151,1,96.72034709603882,2e-05,1
Qwen,1.5B,SFT,1337,152,1,96.71689509719022,2e-05,1
Qwen,1.5B,SFT,1337,153,1,96.73360136203027,2e-05,1
Qwen,1.5B,SFT,1337,154,1,96.70565085338485,2e-05,1
Qwen,1.5B,SFT,1337,155,1,96.68793015213261,2e-05,1
Qwen,1.5B,SFT,1337,156,1,96.63368656587896,2e-05,1
Qwen,1.5B,SFT,1337,157,1,96.62330958099355,2e-05,1
Qwen,1.5B,SFT,1337,158,1,96.63076244968188,2e-05,1
Qwen,1.5B,SFT,1337,159,1,96.57510130838303,2e-05,1
Qwen,1.5B,SFT,1337,160,1,96.60740851695833,2e-05,1
Qwen,1.5B,SFT,1337,161,1,96.58393338305169,2e-05,1
Qwen,1.5B,SFT,1337,162,1,96.59052618326972,2e-05,1
Qwen,1.5B,SFT,1337,163,1,96.50323814062423,2e-05,1
Qwen,1.5B,SFT,1337,164,1,96.56426206179664,2e-05,1
Qwen,1.5B,SFT,1337,165,1,96.57724710698801,2e-05,1
Qwen,1.5B,SFT,1337,166,1,96.55306879892719,2e-05,1
Qwen,1.5B,SFT,1337,167,1,96.58701763250617,2e-05,1
Qwen,1.5B,SFT,1337,168,1,96.59561021985581,2e-05,1
Qwen,1.5B,SFT,1337,169,1,96.59374957764206,2e-05,1
Qwen,1.5B,SFT,1337,170,1,96.60928483564794,2e-05,1
Qwen,1.5B,SFT,1337,171,1,96.57324286864936,2e-05,1
Qwen,1.5B,SFT,1337,172,1,96.61152514655976,2e-05,1
Qwen,1.5B,SFT,1337,173,1,96.56339447898256,2e-05,1
Qwen,1.5B,SFT,1337,174,1,96.6047086650562,2e-05,1
Qwen,1.5B,SFT,1337,175,1,96.561210590428,2e-05,1
Qwen,1.5B,SFT,1337,176,1,96.54989677416373,2e-05,1
Qwen,1.5B,SFT,1337,177,1,96.58530397344819,2e-05,1
Qwen,1.5B,SFT,1337,178,1,96.57797891338319,2e-05,1
Qwen,1.5B,SFT,1337,179,1,96.61140206679072,2e-05,1
Qwen,1.5B,SFT,1337,180,1,96.57365615755802,2e-05,1
Qwen,1.5B,SFT,1337,181,1,96.59455134516911,2e-05,1
Qwen,1.5B,SFT,1337,182,1,96.65904242343537,2e-05,1
Qwen,1.5B,SFT,1337,183,1,96.69401851963406,2e-05,1
Qwen,1.5B,SFT,1337,184,1,96.69364448669383,2e-05,1
Qwen,1.5B,SFT,1337,185,1,96.6713590159232,2e-05,1
Qwen,1.5B,SFT,1337,186,1,96.6867964579021,2e-05,1
Qwen,1.5B,SFT,1337,187,1,96.63216970489378,2e-05,1
Qwen,1.5B,SFT,1337,188,1,96.59419499684833,2e-05,1
Qwen,1.5B,SFT,1337,189,1,96.6045171788471,2e-05,1
Qwen,1.5B,SFT,1337,190,1,96.56326718858985,2e-05,1
Qwen,1.5B,SFT,1337,191,1,96.59313871331466,2e-05,1
Qwen,1.5B,SFT,1337,192,1,96.59756343101165,2e-05,1
Qwen,1.5B,SFT,1337,193,1,96.59596384746591,2e-05,1
Qwen,1.5B,SFT,1337,194,1,96.51042962675042,2e-05,1
Qwen,1.5B,SFT,1337,195,1,96.53298289318695,2e-05,1
Qwen,1.5B,SFT,1337,196,1,96.54423309664428,2e-05,1
Qwen,1.5B,SFT,1337,197,1,96.51133491084111,2e-05,1
Qwen,1.5B,SFT,1337,198,1,96.49889323044066,2e-05,1
Qwen,1.5B,SFT,1337,199,1,96.55102256537748,2e-05,1
Qwen,1.5B,SFT,2024,0,1,98.7825345045193,2e-05,1
Qwen,1.5B,SFT,2024,1,1,97.65905414581168,2e-05,1
Qwen,1.5B,SFT,2024,2,1,97.4859148548772,2e-05,1
Qwen,1.5B,SFT,2024,3,1,95.90543115159215,2e-05,1
Qwen,1.5B,SFT,2024,4,1,95.38196913669331,2e-05,1
Qwen,1.5B,SFT,2024,5,1,95.32888418451813,2e-05,1
Qwen,1.5B,SFT,2024,6,1,95.32186591697216,2e-05,1
Qwen,1.5B,SFT,2024,7,1,94.12948517966184,2e-05,1
Qwen,1.5B,SFT,2024,8,1,93.33390668640199,2e-05,1
Qwen,1.5B,SFT,2024,9,1,93.07792253248435,2e-05,1
Qwen,1.5B,SFT,2024,10,1,92.9804558577181,2e-05,1
Qwen,1.5B,SFT,2024,11,1,92.92174719655898,2e-05,1
Qwen,1.5B,SFT,2024,12,1,92.87569728964564,2e-05,1
Qwen,1.5B,SFT,2024,13,1,93.1734071695173,2e-05,1
Qwen,1.5B,SFT,2024,14,1,93.12606861742209,2e-05,1
Qwen,1.5B,SFT,2024,15,1,92.81145729410822,2e-05,1
Qwen,1.5B,SFT,2024,16,1,92.72218261443278,2e-05,1
Qwen,1.5B,SFT,2024,17,1,92.72496188517535,2e-05,1
Qwen,1.5B,SFT,2024,18,1,92.56177909976793,2e-05,1
Qwen,1.5B,SFT,2024,19,1,92.66080364051612,2e-05,1
Qwen,1.5B,SFT,2024,20,1,93.09758595072265,2e-05,1
Qwen,1.5B,SFT,2024,21,1,93.29243340353216,2e-05,1
Qwen,1.5B,SFT,2024,22,1,93.429905991206,2e-05,1
Qwen,1.5B,SFT,2024,23,1,93.59198371462392,2e-05,1
Qwen,1.5B,SFT,2024,24,1,93.81310701387399,2e-05,1
Qwen,1.5B,SFT,2024,25,1,94.01331251770276,2e-05,1
Qwen,1.5B,SFT,2024,26,1,94.19150028164796,2e-05,1
Qwen,1.5B,SFT,2024,27,1,94.31922832011279,2e-05,1
Qwen,1.5B,SFT,2024,28,1,94.43849365277373,2e-05,1
Qwen,1.5B,SFT,2024,29,1,94.5004609479864,2e-05,1
Qwen,1.5B,SFT,2024,30,1,94.58335251650296,2e-05,1
Qwen,1.5B,SFT,2024,31,1,94.721174974615,2e-05,1
Qwen,1.5B,SFT,2024,32,1,94.78655352279485,2e-05,1
Qwen,1.5B,SFT,2024,33,1,94.90684527595074,2e-05,1
Qwen,1.5B,SFT,2024,34,1,94.99975961873318,2e-05,1
Qwen,1.5B,SFT,2024,35,1,95.10701754824188,2e-05,1
Qwen,1.5B,SFT,2024,36,1,95.12700550839749,2e-05,1
Qwen,1.5B,SFT,2024,37,1,95.20758680487033,2e-05,1
Qwen,1.5B,SFT,2024,38,1,95.25691646373447,2e-05,1
Qwen,1.5B,SFT,2024,39,1,95.23354128355605,2e-05,1
Qwen,1.5B,SFT,2024,40,1,95.28867862326939,2e-05,1
Qwen,1.5B,SFT,2024,41,1,95.31982616130504,2e-05,1
Qwen,1.5B,SFT,2024,42,1,95.41266523109188,2e-05,1
Qwen,1.5B,SFT,2024,43,1,95.43949985968389,2e-05,1
Qwen,1.5B,SFT,2024,44,1,95.49334803598477,2e-05,1
Qwen,1.5B,SFT,2024,45,1,95.58464096475717,2e-05,1
Qwen,1.5B,SFT,2024,46,1,95.60318079426179,2e-05,1
Qwen,1.5B,SFT,2024,47,1,95.65989051041403,2e-05,1
Qwen,1.5B,SFT,2024,48,1,95.71168046908245,2e-05,1
Qwen,1.5B,SFT,2024,49,1,95.69162947912932,2e-05,1
Qwen,1.5B,SFT,2024,50,1,95.72316180339028,2e-05,1
Qwen,1.5B,SFT,2024,51,1,95.78699680170872,2e-05,1
Qwen,1.5B,SFT,2024,52,1,95.82226686421895,2e-05,1
Qwen,1.5B,SFT,2024,53,1,95.71203765952797,2e-05,1
Qwen,1.5B,SFT,2024,54,1,95.7300316626463,2e-05,1
Qwen,1.5B,SFT,2024,55,1,95.80253277228168,2e-05,1
Qwen,1.5B,SFT,2024,56,1,95.82201059918403,2e-05,1
Qwen,1.5B,SFT,2024,57,1,95.88476333765966,2e-05,1
Qwen,1.5B,SFT,2024,58,1,95.98812780062185,2e-05,1
Qwen,1.5B,SFT,2024,59,1,96.02657921604644,2e-05,1
Qwen,1.5B,SFT,2024,60,1,96.11200085116268,2e-05,1
Qwen,1.5B,SFT,2024,61,1,96.14669606637266,2e-05,1
Qwen,1.5B,SFT,2024,62,1,96.16442778002529,2e-05,1
Qwen,1.5B,SFT,2024,63,1,96.16255444116167,2e-05,1
Qwen,1.5B,SFT,2024,64,1,96.2026713849767,2e-05,1
Qwen,1.5B,SFT,2024,65,1,96.24170710541009,2e-05,1
Qwen,1.5B,SFT,2024,66,1,96.24345153441035,2e-05,1
Qwen,1.5B,SFT,2024,67,1,96.30407499288158,2e-05,1
Qwen,1.5B,SFT,2024,68,1,96.31501205549495,2e-05,1
Qwen,1.5B,SFT,2024,69,1,96.28159881324775,2e-05,1
Qwen,1.5B,SFT,2024,70,1,96.34179363022861,2e-05,1
Qwen,1.5B,SFT,2024,71,1,96.31064090988691,2e-05,1
Qwen,1.5B,SFT,2024,72,1,96.29177245739896,2e-05,1
Qwen,1.5B,SFT,2024,73,1,96.2834676823724,2e-05,1
Qwen,1.5B,SFT,2024,74,1,96.27690649422136,2e-05,1
Qwen,1.5B,SFT,2024,75,1,96.31217629761628,2e-05,1
Qwen,1.5B,SFT,2024,76,1,96.2982018854183,2e-05,1
Qwen,1.5B,SFT,2024,77,1,96.35088164603805,2e-05,1
Qwen,1.5B,SFT,2024,78,1,96.35887774995962,2e-05,1
Qwen,1.5B,SFT,2024,79,1,96.33582225328658,2e-05,1
Qwen,1.5B,SFT,2024,80,1,96.37994550836267,2e-05,1
Qwen,1.5B,SFT,2024,81,1,96.33540274561064,2e-05,1
Qwen,1.5B,SFT,2024,82,1,96.332242316257,2e-05,1
Qwen,1.5B,SFT,2024,83,1,96.31747714893235,2e-05,1
Qwen,1.5B,SFT,2024,84,1,96.31119865557713,2e-05,1
Qwen,1.5B,SFT,2024,85,1,96.29170288494004,2e-05,1
Qwen,1.5B,SFT,2024,86,1,96.30297608488053,2e-05,1
Qwen,1.5B,SFT,2024,87,1,96.32260931618602,2e-05,1
Qwen,1.5B,SFT,2024,88,1,96.31776910710028,2e-05,1
Qwen,1.5B,SFT,2024,89,1,96.33565985277028,2e-05,1
Qwen,1.5B,SFT,2024,90,1,96.36036060206125,2e-05,1
Qwen,1.5B,SFT,2024,91,1,96.37023056307704,2e-05,1
Qwen,1.5B,SFT,2024,92,1,96.35795465169183,2e-05,1
Qwen,1.5B,SFT,2024,93,1,96.34277431687256,2e-05,1
Qwen,1.5B,SFT,2024,94,1,96.32506423934774,2e-05,1
Qwen,1.5B,SFT,2024,95,1,96.34470984340895,2e-05,1
Qwen,1.5B,SFT,2024,96,1,96.34081488694945,2e-05,1
Qwen,1.5B,SFT,2024,97,1,96.35476708001016,2e-05,1
Qwen,1.5B,SFT,2024,98,1,96.41478803062253,2e-05,1
Qwen,1.5B,SFT,2024,99,1,96.38307724069648,2e-05,1
Qwen,1.5B,SFT,2024,100,1,96.3355663121458,2e-05,1
Qwen,1.5B,SFT,2024,101,1,96.36190318024028,2e-05,1
Qwen,1.5B,SFT,2024,102,1,96.37920579895074,2e-05,1
Qwen,1.5B,SFT,2024,103,1,96.4105479325791,2e-05,1
Qwen,1.5B,SFT,2024,104,1,96.42281756041822,2e-05,1
Qwen,1.5B,SFT,2024,105,1,96.37725563239971,2e-05,1
Qwen,1.5B,SFT,2024,106,1,96.401537521803,2e-05,1
Qwen,1.5B,SFT,2024,107,1,96.40069138078026,2e-05,1
Qwen,1.5B,SFT,2024,108,1,96.2730053837734,2e-05,1
Qwen,1.5B,SFT,2024,109,1,96.29171273132155,2e-05,1
Qwen,1.5B,SFT,2024,110,1,96.39036861577206,2e-05,1
Qwen,1.5B,SFT,2024,111,1,96.41990536352509,2e-05,1
Qwen,1.5B,SFT,2024,112,1,96.4020246585731,2e-05,1
Qwen,1.5B,SFT,2024,113,1,96.46224687699726,2e-05,1
Qwen,1.5B,SFT,2024,114,1,96.47330319742895,2e-05,1
Qwen,1.5B,SFT,2024,115,1,96.49925871257588,2e-05,1
Qwen,1.5B,SFT,2024,116,1,96.49501537559115,2e-05,1
Qwen,1.5B,SFT,2024,117,1,96.48081980848187,2e-05,1
Qwen,1.5B,SFT,2024,118,1,96.46883656783166,2e-05,1
Qwen,1.5B,SFT,2024,119,1,96.46737677699203,2e-05,1
Qwen,1.5B,SFT,2024,120,1,96.52973229170779,2e-05,1
Qwen,1.5B,SFT,2024,121,1,96.5367336519802,2e-05,1
Qwen,1.5B,SFT,2024,122,1,96.5673221487491,2e-05,1
Qwen,1.5B,SFT,2024,123,1,96.58218299439946,2e-05,1
Qwen,1.5B,SFT,2024,124,1,96.64906907541358,2e-05,1
Qwen,1.5B,SFT,2024,125,1,96.70385712769816,2e-05,1
Qwen,1.5B,SFT,2024,126,1,96.71361508612412,2e-05,1
Qwen,1.5B,SFT,2024,127,1,96.7241614028602,2e-05,1
Qwen,1.5B,SFT,2024,128,1,96.7298314934834,2e-05,1
Qwen,1.5B,SFT,2024,129,1,96.69905015015007,2e-05,1
Qwen,1.5B,SFT,2024,130,1,96.70622058315786,2e-05,1
Qwen,1.5B,SFT,2024,131,1,96.70472017599442,2e-05,1
Qwen,1.5B,SFT,2024,132,1,96.71094898399024,2e-05,1
Qwen,1.5B,SFT,2024,133,1,96.66172692275578,2e-05,1
Qwen,1.5B,SFT,2024,134,1,96.6475459308823,2e-05,1
Qwen,1.5B,SFT,2024,135,1,96.64099892929411,2e-05,1
Qwen,1.5B,SFT,2024,136,1,96.65342856083298,2e-05,1
Qwen,1.5B,SFT,2024,137,1,96.67071569740408,2e-05,1
Qwen,1.5B,SFT,2024,138,1,96.67254492188731,2e-05,1
Qwen,1.5B,SFT,2024,139,1,96.64943494622176,2e-05,1
Qwen,1.5B,SFT,2024,140,1,96.59552484136339,2e-05,1
Qwen,1.5B,SFT,2024,141,1,96.57860292781221,2e-05,1
Qwen,1.5B,SFT,2024,142,1,96.58963638131839,2e-05,1
Qwen,1.5B,SFT,2024,143,1,96.60098686239809,2e-05,1
Qwen,1.5B,SFT,2024,144,1,96.64848347482825,2e-05,1
Qwen,1.5B,SFT,2024,145,1,96.64693688036203,2e-05,1
Qwen,1.5B,SFT,2024,146,1,96.68713246567158,2e-05,1
Qwen,1.5B,SFT,2024,147,1,96.70956368880029,2e-05,1
Qwen,1.5B,SFT,2024,148,1,96.73261322582135,2e-05,1
Qwen,1.5B,SFT,2024,149,1,96.7187357227468,2e-05,1
Qwen,1.5B,SFT,2024,150,1,96.69390463845828,2e-05,1
Qwen,1.5B,SFT,2024,151,1,96.72586515075784,2e-05,1
Qwen,1.5B,SFT,2024,152,1,96.72074885431651,2e-05,1
Qwen,1.5B,SFT,2024,153,1,96.7337144010813,2e-05,1
Qwen,1.5B,SFT,2024,154,1,96.70515270421437,2e-05,1
Qwen,1.5B,SFT,2024,155,1,96.69387892126443,2e-05,1
Qwen,1.5B,SFT,2024,156,1,96.7034012143221,2e-05,1
Qwen,1.5B,SFT,2024,157,1,96.68980511046686,2e-05,1
Qwen,1.5B,SFT,2024,158,1,96.690313429913,2e-05,1
Qwen,1.5B,SFT,2024,159,1,96.62252776534484,2e-05,1
Qwen,1.5B,SFT,2024,160,1,96.64019988247775,2e-05,1
Qwen,1.5B,SFT,2024,161,1,96.61497954222493,2e-05,1
Qwen,1.5B,SFT,2024,162,1,96.61965806336144,2e-05,1
Qwen,1.5B,SFT,2024,163,1,96.5249818012958,2e-05,1
Qwen,1.5B,SFT,2024,164,1,96.57806098815549,2e-05,1
Qwen,1.5B,SFT,2024,165,1,96.58177585947925,2e-05,1
Qwen,1.5B,SFT,2024,166,1,96.55687520273182,2e-05,1
Qwen,1.5B,SFT,2024,167,1,96.5874697239315,2e-05,1
Qwen,1.5B,SFT,2024,168,1,96.60872903332248,2e-05,1
Qwen,1.5B,SFT,2024,169,1,96.6075083411289,2e-05,1
Qwen,1.5B,SFT,2024,170,1,96.62053685291238,2e-05,1
Qwen,1.5B,SFT,2024,171,1,96.59016400485461,2e-05,1
Qwen,1.5B,SFT,2024,172,1,96.61931078407628,2e-05,1
Qwen,1.5B,SFT,2024,173,1,96.57277134357628,2e-05,1
Qwen,1.5B,SFT,2024,174,1,96.60649273869785,2e-05,1
Qwen,1.5B,SFT,2024,175,1,96.56795516743492,2e-05,1
Qwen,1.5B,SFT,2024,176,1,96.56077631317977,2e-05,1
Qwen,1.5B,SFT,2024,177,1,96.58947184310084,2e-05,1
Qwen,1.5B,SFT,2024,178,1,96.57637175071483,2e-05,1
Qwen,1.5B,SFT,2024,179,1,96.61754692142827,2e-05,1
Qwen,1.5B,SFT,2024,180,1,96.59515411214328,2e-05,1
Qwen,1.5B,SFT,2024,181,1,96.61398557592169,2e-05,1
Qwen,1.5B,SFT,2024,182,1,96.65191461489496,2e-05,1
Qwen,1.5B,SFT,2024,183,1,96.68815007624623,2e-05,1
Qwen,1.5B,SFT,2024,184,1,96.6877183253722,2e-05,1
Qwen,1.5B,SFT,2024,185,1,96.66945872906805,2e-05,1
Qwen,1.5B,SFT,2024,186,1,96.68213898988397,2e-05,1
Qwen,1.5B,SFT,2024,187,1,96.56979611688563,2e-05,1
Qwen,1.5B,SFT,2024,188,1,96.58391362550981,2e-05,1
Qwen,1.5B,SFT,2024,189,1,96.59610668477683,2e-05,1
Qwen,1.5B,SFT,2024,190,1,96.59468912973162,2e-05,1
Qwen,1.5B,SFT,2024,191,1,96.60652020491999,2e-05,1
Qwen,1.5B,SFT,2024,192,1,96.6019250541323,2e-05,1
Qwen,1.5B,SFT,2024,193,1,96.59735678655731,2e-05,1
Qwen,1.5B,SFT,2024,194,1,96.50838455921958,2e-05,1
Qwen,1.5B,SFT,2024,195,1,96.51842974695919,2e-05,1
Qwen,1.5B,SFT,2024,196,1,96.55023466051915,2e-05,1
Qwen,1.5B,SFT,2024,197,1,96.50764316555818,2e-05,1
Qwen,1.5B,SFT,2024,198,1,96.5161446090999,2e-05,1
Qwen,1.5B,SFT,2024,199,1,96.49978912160161,2e-05,1
Qwen,1.5B,SFT,9999,0,1,98.78252802663671,2e-05,1
Qwen,1.5B,SFT,9999,1,1,97.67586327942712,2e-05,1
Qwen,1.5B,SFT,9999,2,1,97.48378874903526,2e-05,1
Qwen,1.5B,SFT,9999,3,1,95.87098436317916,2e-05,1
Qwen,1.5B,SFT,9999,4,1,95.3764011374996,2e-05,1
Qwen,1.5B,SFT,9999,5,1,95.32625371073844,2e-05,1
Qwen,1.5B,SFT,9999,6,1,95.31695380338978,2e-05,1
Qwen,1.5B,SFT,9999,7,1,94.13819508146503,2e-05,1
Qwen,1.5B,SFT,9999,8,1,93.3428131919415,2e-05,1
Qwen,1.5B,SFT,9999,9,1,93.07463571964155,2e-05,1
Qwen,1.5B,SFT,9999,10,1,92.97731052183086,2e-05,1
Qwen,1.5B,SFT,9999,11,1,92.91866553825753,2e-05,1
Qwen,1.5B,SFT,9999,12,1,92.87848472252026,2e-05,1
Qwen,1.5B,SFT,9999,13,1,93.19709898859627,2e-05,1
Qwen,1.5B,SFT,9999,14,1,93.14356162110163,2e-05,1
Qwen,1.5B,SFT,9999,15,1,92.82239940947001,2e-05,1
Qwen,1.5B,SFT,9999,16,1,92.75654875320765,2e-05,1
Qwen,1.5B,SFT,9999,17,1,92.78855409245466,2e-05,1
Qwen,1.5B,SFT,9999,18,1,92.62502363908911,2e-05,1
Qwen,1.5B,SFT,9999,19,1,92.68429704205164,2e-05,1
Qwen,1.5B,SFT,9999,20,1,93.14424102142672,2e-05,1
Qwen,1.5B,SFT,9999,21,1,93.3250674860625,2e-05,1
Qwen,1.5B,SFT,9999,22,1,93.45991290367677,2e-05,1
Qwen,1.5B,SFT,9999,23,1,93.63574887235093,2e-05,1
Qwen,1.5B,SFT,9999,24,1,93.79804269793175,2e-05,1
Qwen,1.5B,SFT,9999,25,1,94.00113921597763,2e-05,1
Qwen,1.5B,SFT,9999,26,1,94.18026659679121,2e-05,1
Qwen,1.5B,SFT,9999,27,1,94.31905937693507,2e-05,1
Qwen,1.5B,SFT,9999,28,1,94.43139272744602,2e-05,1
Qwen,1.5B,SFT,9999,29,1,94.5008743016739,2e-05,1
Qwen,1.5B,SFT,9999,30,1,94.58048352708663,2e-05,1
Qwen,1.5B,SFT,9999,31,1,94.72524826718197,2e-05,1
Qwen,1.5B,SFT,9999,32,1,94.78905249555815,2e-05,1
Qwen,1.5B,SFT,9999,33,1,94.90613270886683,2e-05,1
Qwen,1.5B,SFT,9999,34,1,94.9967353544714,2e-05,1
Qwen,1.5B,SFT,9999,35,1,95.10815772035497,2e-05,1
Qwen,1.5B,SFT,9999,36,1,95.13216442930621,2e-05,1
Qwen,1.5B,SFT,9999,37,1,95.21584953843895,2e-05,1
Qwen,1.5B,SFT,9999,38,1,95.26969525314446,2e-05,1
Qwen,1.5B,SFT,9999,39,1,95.24031863864883,2e-05,1
Qwen,1.5B,SFT,9999,40,1,95.29799556744925,2e-05,1
Qwen,1.5B,SFT,9999,41,1,95.32862895594442,2e-05,1
Qwen,1.5B,SFT,9999,42,1,95.42449701884735,2e-05,1
Qwen,1.5B,SFT,9999,43,1,95.44977682606223,2e-05,1
Qwen,1.5B,SFT,9999,44,1,95.50306835791295,2e-05,1
Qwen,1.5B,SFT,9999,45,1,95.59029149217497,2e-05,1
Qwen,1.5B,SFT,9999,46,1,95.61847449202622,2e-05,1
Qwen,1.5B,SFT,9999,47,1,95.67216214639674,2e-05,1
Qwen,1.5B,SFT,9999,48,1,95.72302149245357,2e-05,1
Qwen,1.5B,SFT,9999,49,1,95.718580256156,2e-05,1
Qwen,1.5B,SFT,9999,50,1,95.74796989119562,2e-05,1
Qwen,1.5B,SFT,9999,51,1,95.80174629255751,2e-05,1
Qwen,1.5B,SFT,9999,52,1,95.83607401748867,2e-05,1
Qwen,1.5B,SFT,9999,53,1,95.72186221058686,2e-05,1
Qwen,1.5B,SFT,9999,54,1,95.74228988941208,2e-05,1
Qwen,1.5B,SFT,9999,55,1,95.81553582598661,2e-05,1
Qwen,1.5B,SFT,9999,56,1,95.83545531492335,2e-05,1
Qwen,1.5B,SFT,9999,57,1,95.89504438510404,2e-05,1
Qwen,1.5B,SFT,9999,58,1,95.99637751364646,2e-05,1
Qwen,1.5B,SFT,9999,59,1,96.03668555499762,2e-05,1
Qwen,1.5B,SFT,9999,60,1,96.11759612224205,2e-05,1
Qwen,1.5B,SFT,9999,61,1,96.14527248689664,2e-05,1
Qwen,1.5B,SFT,9999,62,1,96.16168964383711,2e-05,1
Qwen,1.5B,SFT,9999,63,1,96.15858408214892,2e-05,1
Qwen,1.5B,SFT,9999,64,1,96.20057844589357,2e-05,1
Qwen,1.5B,SFT,9999,65,1,96.24653934670026,2e-05,1
Qwen,1.5B,SFT,9999,66,1,96.2478927707079,2e-05,1
Qwen,1.5B,SFT,9999,67,1,96.31826187962822,2e-05,1
Qwen,1.5B,SFT,9999,68,1,96.32861366555039,2e-05,1
Qwen,1.5B,SFT,9999,69,1,96.28619020686357,2e-05,1
Qwen,1.5B,SFT,9999,70,1,96.34885458702078,2e-05,1
Qwen,1.5B,SFT,9999,71,1,96.32090207023177,2e-05,1
Qwen,1.5B,SFT,9999,72,1,96.30402310504212,2e-05,1
Qwen,1.5B,SFT,9999,73,1,96.29256211128559,2e-05,1
Qwen,1.5B,SFT,9999,74,1,96.27894566687904,2e-05,1
Qwen,1.5B,SFT,9999,75,1,96.31023565355264,2e-05,1
Qwen,1.5B,SFT,9999,76,1,96.30438696770669,2e-05,1
Qwen,1.5B,SFT,9999,77,1,96.35203542170456,2e-05,1
Qwen,1.5B,SFT,9999,78,1,96.36196757039312,2e-05,1
Qwen,1.5B,SFT,9999,79,1,96.33876923640918,2e-05,1
Qwen,1.5B,SFT,9999,80,1,96.38026972638585,2e-05,1
Qwen,1.5B,SFT,9999,81,1,96.32900959373374,2e-05,1
Qwen,1.5B,SFT,9999,82,1,96.32483336761256,2e-05,1
Qwen,1.5B,SFT,9999,83,1,96.30475957551275,2e-05,1
Qwen,1.5B,SFT,9999,84,1,96.31407872217268,2e-05,1
Qwen,1.5B,SFT,9999,85,1,96.27665949255854,2e-05,1
Qwen,1.5B,SFT,9999,86,1,96.30561640504175,2e-05,1
Qwen,1.5B,SFT,9999,87,1,96.32589502778876,2e-05,1
Qwen,1.5B,SFT,9999,88,1,96.31591552577852,2e-05,1
Qwen,1.5B,SFT,9999,89,1,96.33163961406164,2e-05,1
Qwen,1.5B,SFT,9999,90,1,96.35984962668326,2e-05,1
Qwen,1.5B,SFT,9999,91,1,96.36589977467747,2e-05,1
Qwen,1.5B,SFT,9999,92,1,96.3500603153056,2e-05,1
Qwen,1.5B,SFT,9999,93,1,96.33413683779663,2e-05,1
Qwen,1.5B,SFT,9999,94,1,96.2956406602034,2e-05,1
Qwen,1.5B,SFT,9999,95,1,96.32894896075278,2e-05,1
Qwen,1.5B,SFT,9999,96,1,96.3290679594558,2e-05,1
Qwen,1.5B,SFT,9999,97,1,96.34884584187931,2e-05,1
Qwen,1.5B,SFT,9999,98,1,96.41191962421564,2e-05,1
Qwen,1.5B,SFT,9999,99,1,96.38281572857667,2e-05,1
Qwen,1.5B,SFT,9999,100,1,96.34044247347985,2e-05,1
Qwen,1.5B,SFT,9999,101,1,96.36850887144465,2e-05,1
Qwen,1.5B,SFT,9999,102,1,96.38719730357568,2e-05,1
Qwen,1.5B,SFT,9999,103,1,96.42887781390928,2e-05,1
Qwen,1.5B,SFT,9999,104,1,96.43435590009277,2e-05,1
Qwen,1.5B,SFT,9999,105,1,96.395229942755,2e-05,1
Qwen,1.5B,SFT,9999,106,1,96.41851307222194,2e-05,1
Qwen,1.5B,SFT,9999,107,1,96.4058440829217,2e-05,1
Qwen,1.5B,SFT,9999,108,1,96.2856163312457,2e-05,1
Qwen,1.5B,SFT,9999,109,1,96.29721459133413,2e-05,1
Qwen,1.5B,SFT,9999,110,1,96.39961780130011,2e-05,1
Qwen,1.5B,SFT,9999,111,1,96.42601199865541,2e-05,1
Qwen,1.5B,SFT,9999,112,1,96.41071072176837,2e-05,1
Qwen,1.5B,SFT,9999,113,1,96.47348729885191,2e-05,1
Qwen,1.5B,SFT,9999,114,1,96.48036059138569,2e-05,1
Qwen,1.5B,SFT,9999,115,1,96.50869297120927,2e-05,1
Qwen,1.5B,SFT,9999,116,1,96.49665168873113,2e-05,1
Qwen,1.5B,SFT,9999,117,1,96.48372740607837,2e-05,1
Qwen,1.5B,SFT,9999,118,1,96.46892563871715,2e-05,1
Qwen,1.5B,SFT,9999,119,1,96.47769286978118,2e-05,1
Qwen,1.5B,SFT,9999,120,1,96.5401444514956,2e-05,1
Qwen,1.5B,SFT,9999,121,1,96.54373727951153,2e-05,1
Qwen,1.5B,SFT,9999,122,1,96.56764060145679,2e-05,1
Qwen,1.5B,SFT,9999,123,1,96.58038389207022,2e-05,1
Qwen,1.5B,SFT,9999,124,1,96.63855346384094,2e-05,1
Qwen,1.5B,SFT,9999,125,1,96.69227622833506,2e-05,1
Qwen,1.5B,SFT,9999,126,1,96.70873562106993,2e-05,1
Qwen,1.5B,SFT,9999,127,1,96.71774758653788,2e-05,1
Qwen,1.5B,SFT,9999,128,1,96.72383394589573,2e-05,1
Qwen,1.5B,SFT,9999,129,1,96.70210809940127,2e-05,1
Qwen,1.5B,SFT,9999,130,1,96.69957233226492,2e-05,1
Qwen,1.5B,SFT,9999,131,1,96.71338427916776,2e-05,1
Qwen,1.5B,SFT,9999,132,1,96.72637321108868,2e-05,1
Qwen,1.5B,SFT,9999,133,1,96.67474325612001,2e-05,1
Qwen,1.5B,SFT,9999,134,1,96.66225338027314,2e-05,1
Qwen,1.5B,SFT,9999,135,1,96.6581141428615,2e-05,1
Qwen,1.5B,SFT,9999,136,1,96.67584184022692,2e-05,1
Qwen,1.5B,SFT,9999,137,1,96.68775777567713,2e-05,1
Qwen,1.5B,SFT,9999,138,1,96.68618824950657,2e-05,1
Qwen,1.5B,SFT,9999,139,1,96.6655390918759,2e-05,1
Qwen,1.5B,SFT,9999,140,1,96.57704648696446,2e-05,1
Qwen,1.5B,SFT,9999,141,1,96.56517343509697,2e-05,1
Qwen,1.5B,SFT,9999,142,1,96.5705185951299,2e-05,1
Qwen,1.5B,SFT,9999,143,1,96.58119751412241,2e-05,1
Qwen,1.5B,SFT,9999,144,1,96.63490492603482,2e-05,1
Qwen,1.5B,SFT,9999,145,1,96.63177559051755,2e-05,1
Qwen,1.5B,SFT,9999,146,1,96.68064661529495,2e-05,1
Qwen,1.5B,SFT,9999,147,1,96.70607405345388,2e-05,1
Qwen,1.5B,SFT,9999,148,1,96.72577005544156,2e-05,1
Qwen,1.5B,SFT,9999,149,1,96.71634674442973,2e-05,1
Qwen,1.5B,SFT,9999,150,1,96.68752379455829,2e-05,1
Qwen,1.5B,SFT,9999,151,1,96.71882926337126,2e-05,1
Qwen,1.5B,SFT,9999,152,1,96.71733248382208,2e-05,1
Qwen,1.5B,SFT,9999,153,1,96.73106416975973,2e-05,1
Qwen,1.5B,SFT,9999,154,1,96.70617154558671,2e-05,1
Qwen,1.5B,SFT,9999,155,1,96.6783585623885,2e-05,1
Qwen,1.5B,SFT,9999,156,1,96.6795918864531,2e-05,1
Qwen,1.5B,SFT,9999,157,1,96.66598541798574,2e-05,1
Qwen,1.5B,SFT,9999,158,1,96.66552769080255,2e-05,1
Qwen,1.5B,SFT,9999,159,1,96.60391855771779,2e-05,1
Qwen,1.5B,SFT,9999,160,1,96.63098710264978,2e-05,1
Qwen,1.5B,SFT,9999,161,1,96.60712757119079,2e-05,1
Qwen,1.5B,SFT,9999,162,1,96.60893146715314,2e-05,1
Qwen,1.5B,SFT,9999,163,1,96.50870301192727,2e-05,1
Qwen,1.5B,SFT,9999,164,1,96.56940245596117,2e-05,1
Qwen,1.5B,SFT,9999,165,1,96.58081862277024,2e-05,1
Qwen,1.5B,SFT,9999,166,1,96.55784306316825,2e-05,1
Qwen,1.5B,SFT,9999,167,1,96.59051996450245,2e-05,1
Qwen,1.5B,SFT,9999,168,1,96.60704141535246,2e-05,1
Qwen,1.5B,SFT,9999,169,1,96.60213934248809,2e-05,1
Qwen,1.5B,SFT,9999,170,1,96.61315174287586,2e-05,1
Qwen,1.5B,SFT,9999,171,1,96.57241791030266,2e-05,1
Qwen,1.5B,SFT,9999,172,1,96.59345684212822,2e-05,1
Qwen,1.5B,SFT,9999,173,1,96.56773116225527,2e-05,1
Qwen,1.5B,SFT,9999,174,1,96.61303656612357,2e-05,1
Qwen,1.5B,SFT,9999,175,1,96.57476802132423,2e-05,1
Qwen,1.5B,SFT,9999,176,1,96.5725701405433,2e-05,1
Qwen,1.5B,SFT,9999,177,1,96.59087592415028,2e-05,1
Qwen,1.5B,SFT,9999,178,1,96.57688505813054,2e-05,1
Qwen,1.5B,SFT,9999,179,1,96.61080823929453,2e-05,1
Qwen,1.5B,SFT,9999,180,1,96.6047681320183,2e-05,1
Qwen,1.5B,SFT,9999,181,1,96.59884339583084,2e-05,1
Qwen,1.5B,SFT,9999,182,1,96.6527356865121,2e-05,1
Qwen,1.5B,SFT,9999,183,1,96.69531208800667,2e-05,1
Qwen,1.5B,SFT,9999,184,1,96.69660060363087,2e-05,1
Qwen,1.5B,SFT,9999,185,1,96.67777173100548,2e-05,1
Qwen,1.5B,SFT,9999,186,1,96.675468066402,2e-05,1
Qwen,1.5B,SFT,9999,187,1,96.60654721769035,2e-05,1
Qwen,1.5B,SFT,9999,188,1,96.60338154125182,2e-05,1
Qwen,1.5B,SFT,9999,189,1,96.61721389348479,2e-05,1
Qwen,1.5B,SFT,9999,190,1,96.61782041763085,2e-05,1
Qwen,1.5B,SFT,9999,191,1,96.62526311604353,2e-05,1
Qwen,1.5B,SFT,9999,192,1,96.60760758229004,2e-05,1
Qwen,1.5B,SFT,9999,193,1,96.58328442877472,2e-05,1
Qwen,1.5B,SFT,9999,194,1,96.48387698038718,2e-05,1
Qwen,1.5B,SFT,9999,195,1,96.50814261030519,2e-05,1
Qwen,1.5B,SFT,9999,196,1,96.53970330769184,2e-05,1
Qwen,1.5B,SFT,9999,197,1,96.53253566017355,2e-05,1
Qwen,1.5B,SFT,9999,198,1,96.52123810339455,2e-05,1
Qwen,1.5B,SFT,9999,199,1,96.53523078322141,2e-05,1
Qwen,1.5B,SFT,9999,200,1,96.52934672813656,2e-05,1
Qwen,1.5B,SFT,9999,201,1,96.56734184151215,2e-05,1
Qwen,1.5B,SFT,9999,202,1,96.54277913589897,2e-05,1
Qwen,1.5B,SFT,9999,203,1,96.59814242415675,2e-05,1
Qwen,1.5B,SFT,9999,204,1,96.62377961615364,2e-05,1
Qwen,1.5B,SFT,9999,205,1,96.64341077453669,2e-05,1
