model_family,model_size,seed,step,k,sparsity,iteration_num,learning_rate
Qwen,7B,1337,0,1,99.7917,1,3e-06
Qwen,7B,1337,1,1,99.6402,1,3e-06
Qwen,7B,1337,2,1,99.5490,1,3e-06
Qwen,7B,1337,3,1,99.3225,1,3e-06
Qwen,7B,1337,4,1,99.2107,1,3e-06
Qwen,7B,1337,5,1,99.1544,1,3e-06
Qwen,7B,1337,6,1,99.0071,1,3e-06
Qwen,7B,1337,7,1,98.8376,1,3e-06
Qwen,7B,1337,8,1,98.7754,1,3e-06
Qwen,7B,1337,9,1,98.7262,1,3e-06
Qwen,7B,1337,10,1,98.6792,1,3e-06
Qwen,7B,1337,11,1,98.6638,1,3e-06
Qwen,7B,1337,12,1,98.6339,1,3e-06
Qwen,7B,1337,13,1,98.5953,1,3e-06
Qwen,7B,1337,14,1,98.5477,1,3e-06
Qwen,7B,1337,15,1,98.5176,1,3e-06
Qwen,7B,1337,16,1,98.5310,1,3e-06
Qwen,7B,1337,17,1,98.5642,1,3e-06
Qwen,7B,1337,18,1,98.5930,1,3e-06
Qwen,7B,1337,19,1,98.5722,1,3e-06
Qwen,7B,1337,20,1,98.6713,1,3e-06
Qwen,7B,1337,21,1,98.7471,1,3e-06
Qwen,7B,1337,22,1,98.8153,1,3e-06
Qwen,7B,1337,23,1,98.8701,1,3e-06
Qwen,7B,1337,24,1,98.9267,1,3e-06
Qwen,7B,1337,25,1,98.9824,1,3e-06
Qwen,7B,1337,26,1,99.0283,1,3e-06
Qwen,7B,1337,27,1,99.0570,1,3e-06
Qwen,7B,1337,28,1,99.0714,1,3e-06
Qwen,7B,1337,29,1,99.0933,1,3e-06
Qwen,7B,1337,30,1,99.1014,1,3e-06
Qwen,7B,1337,31,1,99.1119,1,3e-06
Qwen,7B,1337,32,1,99.1219,1,3e-06
Qwen,7B,1337,33,1,99.1033,1,3e-06
Qwen,7B,1337,34,1,99.1222,1,3e-06
Qwen,7B,1337,35,1,99.1350,1,3e-06
Qwen,7B,1337,36,1,99.1620,1,3e-06
Qwen,7B,1337,37,1,99.1670,1,3e-06
Qwen,7B,1337,38,1,99.1294,1,3e-06
Qwen,7B,1337,39,1,99.1244,1,3e-06
Qwen,7B,1337,40,1,99.1213,1,3e-06
Qwen,7B,1337,41,1,99.1350,1,3e-06
Qwen,7B,1337,42,1,99.1272,1,3e-06
Qwen,7B,1337,43,1,99.1174,1,3e-06
Qwen,7B,1337,44,1,99.0734,1,3e-06
Qwen,7B,1337,45,1,99.0519,1,3e-06
Qwen,7B,1337,46,1,99.0410,1,3e-06
Qwen,7B,1337,47,1,99.0572,1,3e-06
Qwen,7B,1337,48,1,99.0770,1,3e-06
Qwen,7B,1337,49,1,99.1152,1,3e-06
Qwen,7B,1337,50,1,99.1043,1,3e-06
Qwen,7B,1337,51,1,99.0936,1,3e-06
Qwen,7B,1337,52,1,99.0861,1,3e-06
Qwen,7B,1337,53,1,99.1059,1,3e-06
Qwen,7B,1337,54,1,99.1339,1,3e-06
Qwen,7B,1337,55,1,99.1394,1,3e-06
Qwen,7B,1337,56,1,99.1600,1,3e-06
Qwen,7B,1337,57,1,99.1671,1,3e-06
Qwen,7B,1337,58,1,99.1835,1,3e-06
Qwen,7B,1337,59,1,99.1970,1,3e-06
Qwen,7B,1337,60,1,99.2015,1,3e-06
Qwen,7B,1337,61,1,99.1825,1,3e-06
Qwen,7B,1337,62,1,99.2125,1,3e-06
Qwen,7B,1337,63,1,99.2287,1,3e-06
Qwen,7B,1337,64,1,99.2169,1,3e-06
Qwen,7B,1337,65,1,99.2127,1,3e-06
Qwen,7B,1337,66,1,99.2364,1,3e-06
Qwen,7B,1337,67,1,99.2012,1,3e-06
Qwen,7B,1337,68,1,99.2215,1,3e-06
Qwen,7B,1337,69,1,99.2013,1,3e-06
Qwen,7B,1337,70,1,99.2328,1,3e-06
Qwen,7B,1337,71,1,99.1830,1,3e-06
Qwen,7B,1337,72,1,99.1701,1,3e-06
Qwen,7B,1337,73,1,99.1859,1,3e-06
Qwen,7B,1337,74,1,99.1904,1,3e-06
Qwen,7B,1337,75,1,99.1992,1,3e-06
Qwen,7B,1337,76,1,99.1884,1,3e-06
Qwen,7B,1337,77,1,99.1733,1,3e-06
Qwen,7B,1337,78,1,99.1611,1,3e-06
Qwen,7B,1337,79,1,99.1144,1,3e-06
Qwen,7B,1337,80,1,99.0578,1,3e-06
Qwen,7B,1337,81,1,99.0576,1,3e-06
Qwen,7B,1337,82,1,99.0825,1,3e-06
Qwen,7B,1337,83,1,99.1073,1,3e-06
Qwen,7B,1337,84,1,99.1323,1,3e-06
Qwen,7B,1337,85,1,99.1359,1,3e-06
Qwen,7B,1337,86,1,99.1363,1,3e-06
Qwen,7B,1337,87,1,99.1522,1,3e-06
Qwen,7B,1337,88,1,99.1459,1,3e-06
Qwen,7B,1337,89,1,99.1266,1,3e-06
Qwen,7B,1337,90,1,99.1523,1,3e-06
Qwen,7B,1337,91,1,99.1854,1,3e-06
Qwen,7B,1337,92,1,99.1778,1,3e-06
Qwen,7B,1337,93,1,99.1790,1,3e-06
Qwen,7B,1337,94,1,99.1621,1,3e-06
Qwen,7B,1337,95,1,99.1814,1,3e-06
Qwen,7B,1337,96,1,99.1786,1,3e-06
Qwen,7B,1337,97,1,99.2137,1,3e-06
Qwen,7B,1337,98,1,99.2304,1,3e-06
Qwen,7B,1337,99,1,99.2269,1,3e-06
Qwen,7B,1337,100,1,99.2307,1,3e-06
Qwen,7B,1337,101,1,99.2420,1,3e-06
Qwen,7B,1337,102,1,99.2498,1,3e-06
Qwen,7B,1337,103,1,99.1849,1,3e-06
Qwen,7B,1337,104,1,99.1871,1,3e-06
Qwen,7B,1337,105,1,99.2066,1,3e-06
Qwen,7B,1337,106,1,99.1942,1,3e-06
Qwen,7B,1337,107,1,99.2217,1,3e-06
Qwen,7B,1337,108,1,99.2149,1,3e-06
Qwen,7B,1337,109,1,99.2288,1,3e-06
Qwen,7B,1337,110,1,99.2028,1,3e-06
Qwen,7B,1337,111,1,99.2274,1,3e-06
Qwen,7B,1337,112,1,99.2058,1,3e-06
Qwen,7B,1337,113,1,99.2197,1,3e-06
Qwen,7B,1337,114,1,99.2140,1,3e-06
Qwen,7B,1337,115,1,99.2044,1,3e-06
Qwen,7B,1337,116,1,99.2277,1,3e-06
Qwen,7B,1337,117,1,99.2334,1,3e-06
Qwen,7B,1337,118,1,99.2376,1,3e-06
Qwen,7B,1337,119,1,99.2201,1,3e-06
Qwen,7B,1337,120,1,99.1983,1,3e-06
Qwen,7B,1337,121,1,99.2092,1,3e-06
Qwen,7B,1337,122,1,99.2051,1,3e-06
Qwen,7B,1337,123,1,99.1939,1,3e-06
Qwen,7B,1337,124,1,99.2322,1,3e-06
Qwen,7B,1337,125,1,99.2260,1,3e-06
Qwen,7B,1337,126,1,99.2239,1,3e-06
Qwen,7B,1337,127,1,99.2196,1,3e-06
Qwen,7B,1337,128,1,99.1939,1,3e-06
Qwen,7B,1337,129,1,99.2055,1,3e-06
Qwen,7B,1337,130,1,99.1919,1,3e-06
Qwen,7B,1337,131,1,99.2033,1,3e-06
Qwen,7B,1337,132,1,99.2257,1,3e-06
Qwen,7B,1337,133,1,99.2298,1,3e-06
Qwen,7B,1337,134,1,99.2455,1,3e-06
Qwen,7B,1337,135,1,99.2182,1,3e-06
Qwen,7B,1337,136,1,99.1559,1,3e-06
Qwen,7B,1337,137,1,99.1750,1,3e-06
Qwen,7B,1337,138,1,99.1956,1,3e-06
Qwen,7B,1337,139,1,99.2073,1,3e-06
Qwen,7B,1337,140,1,99.2143,1,3e-06
Qwen,7B,1337,141,1,99.2109,1,3e-06
Qwen,7B,1337,142,1,99.1777,1,3e-06
Qwen,7B,1337,143,1,99.1827,1,3e-06
Qwen,7B,1337,144,1,99.2000,1,3e-06
Qwen,7B,1337,145,1,99.2426,1,3e-06
Qwen,7B,1337,146,1,99.2467,1,3e-06
Qwen,7B,1337,147,1,99.2511,1,3e-06
Qwen,7B,1337,148,1,99.2726,1,3e-06
Qwen,7B,1337,149,1,99.2996,1,3e-06
Qwen,7B,1337,150,1,99.2854,1,3e-06
Qwen,7B,1337,151,1,99.2442,1,3e-06
Qwen,7B,1337,152,1,99.2443,1,3e-06
Qwen,7B,1337,153,1,99.2413,1,3e-06
Qwen,7B,1337,154,1,99.2244,1,3e-06
Qwen,7B,1337,155,1,99.2279,1,3e-06
Qwen,7B,1337,156,1,99.2477,1,3e-06
Qwen,7B,1337,157,1,99.2111,1,3e-06
Qwen,7B,1337,158,1,99.2076,1,3e-06
Qwen,7B,1337,159,1,99.2351,1,3e-06
Qwen,7B,1337,160,1,99.2522,1,3e-06
Qwen,7B,1337,161,1,99.2347,1,3e-06
Qwen,7B,1337,162,1,99.2346,1,3e-06
Qwen,7B,1337,163,1,99.2127,1,3e-06
Qwen,7B,1337,164,1,99.1840,1,3e-06
Qwen,7B,1337,165,1,99.2040,1,3e-06
Qwen,7B,1337,166,1,99.2307,1,3e-06
Qwen,7B,1337,167,1,99.2382,1,3e-06
Qwen,7B,1337,168,1,99.2684,1,3e-06
Qwen,7B,1337,169,1,99.2607,1,3e-06
Qwen,7B,1337,170,1,99.2665,1,3e-06
Qwen,7B,1337,171,1,99.2653,1,3e-06
Qwen,7B,1337,172,1,99.2829,1,3e-06
Qwen,7B,1337,173,1,99.2733,1,3e-06
Qwen,7B,1337,174,1,99.2535,1,3e-06
Qwen,7B,1337,175,1,99.2556,1,3e-06
Qwen,7B,1337,176,1,99.2852,1,3e-06
Qwen,7B,1337,177,1,99.2751,1,3e-06
Qwen,7B,1337,178,1,99.2575,1,3e-06
Qwen,7B,1337,179,1,99.2879,1,3e-06
Qwen,7B,1337,180,1,99.2744,1,3e-06
Qwen,7B,1337,181,1,99.2933,1,3e-06
Qwen,7B,1337,182,1,99.2933,1,3e-06
Qwen,7B,1337,183,1,99.3098,1,3e-06
Qwen,7B,1337,184,1,99.2858,1,3e-06
Qwen,7B,1337,185,1,99.2582,1,3e-06
Qwen,7B,1337,186,1,99.2291,1,3e-06
Qwen,7B,1337,187,1,99.2566,1,3e-06
Qwen,7B,1337,188,1,99.2598,1,3e-06
Qwen,7B,1337,189,1,99.2352,1,3e-06
Qwen,7B,1337,190,1,99.2274,1,3e-06
Qwen,7B,1337,191,1,99.2307,1,3e-06
Qwen,7B,1337,192,1,99.2160,1,3e-06
Qwen,7B,1337,193,1,99.2152,1,3e-06
Qwen,7B,1337,194,1,99.2009,1,3e-06
Qwen,7B,1337,195,1,99.2345,1,3e-06
Qwen,7B,1337,196,1,99.1830,1,3e-06
Qwen,7B,1337,197,1,99.1934,1,3e-06
Qwen,7B,1337,198,1,99.2097,1,3e-06
Qwen,7B,1337,199,1,99.2462,1,3e-06
Qwen,7B,1337,200,1,99.2777,1,3e-06
Qwen,7B,1337,201,1,99.2722,1,3e-06
Qwen,7B,1337,202,1,99.2435,1,3e-06
Qwen,7B,1337,203,1,99.2224,1,3e-06
Qwen,7B,1337,204,1,99.1990,1,3e-06
Qwen,7B,1337,205,1,99.1948,1,3e-06
Qwen,7B,1337,206,1,99.2155,1,3e-06
Qwen,7B,1337,207,1,99.2290,1,3e-06
Qwen,7B,1337,208,1,99.2262,1,3e-06
Qwen,7B,1337,209,1,99.2136,1,3e-06
Qwen,7B,1337,210,1,99.2605,1,3e-06
Qwen,7B,1337,211,1,99.2356,1,3e-06
Qwen,7B,1337,212,1,99.2579,1,3e-06
Qwen,7B,1337,213,1,99.2428,1,3e-06
Qwen,7B,1337,214,1,99.2414,1,3e-06
Qwen,7B,1337,215,1,99.2220,1,3e-06
Qwen,7B,1337,216,1,99.2126,1,3e-06
Qwen,7B,1337,217,1,99.2088,1,3e-06
Qwen,7B,1337,218,1,99.2368,1,3e-06
Qwen,7B,1337,219,1,99.2368,1,3e-06
Qwen,7B,1337,220,1,99.2292,1,3e-06
Qwen,7B,1337,221,1,99.2248,1,3e-06
Qwen,7B,1337,222,1,99.2339,1,3e-06
Qwen,7B,1337,223,1,99.2458,1,3e-06
Qwen,7B,1337,224,1,99.2517,1,3e-06
Qwen,7B,1337,225,1,99.2198,1,3e-06
Qwen,7B,1337,226,1,99.1990,1,3e-06
Qwen,7B,1337,227,1,99.1767,1,3e-06
Qwen,7B,1337,228,1,99.1822,1,3e-06
Qwen,7B,1337,229,1,99.1589,1,3e-06
Qwen,7B,1337,230,1,99.1879,1,3e-06
Qwen,7B,1337,231,1,99.1996,1,3e-06
Qwen,7B,1337,232,1,99.2372,1,3e-06
Qwen,7B,1337,233,1,99.2477,1,3e-06
Qwen,7B,1337,234,1,99.2154,1,3e-06
Qwen,7B,1337,235,1,99.2312,1,3e-06
Qwen,7B,1337,236,1,99.2313,1,3e-06
Qwen,7B,1337,237,1,99.2179,1,3e-06
Qwen,7B,1337,238,1,99.2174,1,3e-06
Qwen,7B,1337,239,1,99.1911,1,3e-06
Qwen,7B,1337,240,1,99.1882,1,3e-06
Qwen,7B,1337,241,1,99.1676,1,3e-06
Qwen,7B,1337,242,1,99.1626,1,3e-06
Qwen,7B,1337,243,1,99.1907,1,3e-06
Qwen,7B,1337,244,1,99.1937,1,3e-06
Qwen,7B,1337,245,1,99.1879,1,3e-06
Qwen,7B,1337,246,1,99.1693,1,3e-06
Qwen,7B,1337,247,1,99.1951,1,3e-06
Qwen,7B,1337,248,1,99.1991,1,3e-06
Qwen,7B,1337,249,1,99.2354,1,3e-06
Qwen,7B,1337,250,1,99.2444,1,3e-06
Qwen,7B,1337,251,1,99.2334,1,3e-06
Qwen,7B,1337,252,1,99.2174,1,3e-06
Qwen,7B,1337,253,1,99.2106,1,3e-06
Qwen,7B,1337,254,1,99.2057,1,3e-06
Qwen,7B,1337,255,1,99.1919,1,3e-06
Qwen,7B,1337,256,1,99.1724,1,3e-06
Qwen,7B,1337,257,1,99.1696,1,3e-06
Qwen,7B,1337,258,1,99.2135,1,3e-06
Qwen,7B,1337,259,1,99.2272,1,3e-06
Qwen,7B,1337,260,1,99.2556,1,3e-06
Qwen,7B,1337,261,1,99.2419,1,3e-06
Qwen,7B,1337,262,1,99.2312,1,3e-06
Qwen,7B,1337,263,1,99.1696,1,3e-06
Qwen,7B,1337,264,1,99.1523,1,3e-06
Qwen,7B,1337,265,1,99.1526,1,3e-06
Qwen,7B,1337,266,1,99.1580,1,3e-06
Qwen,7B,1337,267,1,99.1507,1,3e-06
Qwen,7B,1337,268,1,99.1457,1,3e-06
Qwen,7B,1337,269,1,99.1630,1,3e-06
Qwen,7B,1337,270,1,99.1642,1,3e-06
Qwen,7B,1337,271,1,99.1585,1,3e-06
Qwen,7B,1337,272,1,99.2105,1,3e-06
Qwen,7B,1337,273,1,99.1899,1,3e-06
Qwen,7B,1337,274,1,99.1818,1,3e-06
Qwen,7B,1337,275,1,99.1893,1,3e-06
Qwen,7B,1337,276,1,99.2042,1,3e-06
Qwen,7B,1337,277,1,99.1994,1,3e-06
Qwen,7B,1337,278,1,99.2363,1,3e-06
Qwen,7B,1337,279,1,99.1998,1,3e-06
Qwen,7B,1337,280,1,99.1778,1,3e-06
Qwen,7B,1337,281,1,99.1603,1,3e-06
Qwen,7B,1337,282,1,99.1236,1,3e-06
Qwen,7B,1337,283,1,99.1462,1,3e-06
Qwen,7B,1337,284,1,99.1083,1,3e-06
Qwen,7B,1337,285,1,99.1076,1,3e-06
Qwen,7B,1337,286,1,99.1348,1,3e-06
Qwen,7B,1337,287,1,99.1383,1,3e-06
Qwen,7B,1337,288,1,99.1358,1,3e-06
Qwen,7B,1337,289,1,99.1394,1,3e-06
Qwen,7B,1337,290,1,99.1693,1,3e-06
Qwen,7B,1337,291,1,99.1227,1,3e-06
Qwen,7B,1337,292,1,99.0953,1,3e-06
Qwen,7B,1337,293,1,99.1210,1,3e-06
Qwen,7B,1337,294,1,99.1438,1,3e-06
Qwen,7B,1337,295,1,99.1669,1,3e-06
Qwen,7B,1337,296,1,99.1947,1,3e-06
Qwen,7B,1337,297,1,99.1981,1,3e-06
Qwen,7B,1337,298,1,99.1825,1,3e-06
Qwen,7B,1337,299,1,99.2309,1,3e-06
Qwen,7B,1337,300,1,99.2042,1,3e-06
Qwen,7B,1337,301,1,99.2170,1,3e-06
Qwen,7B,1337,302,1,99.2279,1,3e-06
Qwen,7B,1337,303,1,99.2103,1,3e-06
Qwen,7B,1337,304,1,99.2167,1,3e-06
Qwen,7B,1337,305,1,99.2152,1,3e-06
Qwen,7B,1337,306,1,99.2401,1,3e-06
Qwen,7B,1337,307,1,99.2054,1,3e-06
Qwen,7B,1337,308,1,99.1944,1,3e-06
Qwen,7B,1337,309,1,99.1828,1,3e-06
Qwen,7B,1337,310,1,99.1872,1,3e-06
Qwen,7B,1337,311,1,99.2285,1,3e-06
Qwen,7B,1337,312,1,99.2106,1,3e-06
Qwen,7B,1337,313,1,99.1818,1,3e-06
Qwen,7B,1337,314,1,99.1516,1,3e-06
Qwen,7B,1337,315,1,99.1046,1,3e-06
Qwen,7B,1337,316,1,99.0873,1,3e-06
Qwen,7B,1337,317,1,99.0814,1,3e-06
Qwen,7B,1337,318,1,99.0998,1,3e-06
Qwen,7B,1337,319,1,99.1314,1,3e-06
Qwen,7B,1337,320,1,99.1202,1,3e-06
Qwen,7B,1337,321,1,99.0966,1,3e-06
Qwen,7B,1337,322,1,99.1109,1,3e-06
Qwen,7B,1337,323,1,99.1081,1,3e-06
Qwen,7B,1337,324,1,99.1263,1,3e-06
Qwen,7B,1337,325,1,99.0862,1,3e-06
Qwen,7B,1337,326,1,99.0352,1,3e-06
Qwen,7B,1337,327,1,99.0057,1,3e-06
Qwen,7B,1337,328,1,98.9941,1,3e-06
Qwen,7B,1337,329,1,99.0216,1,3e-06
Qwen,7B,1337,330,1,98.9100,1,3e-06
Qwen,7B,1337,331,1,98.9659,1,3e-06
Qwen,7B,1337,332,1,99.0181,1,3e-06
Qwen,7B,1337,333,1,99.0304,1,3e-06
Qwen,7B,1337,334,1,99.0528,1,3e-06
Qwen,7B,1337,335,1,99.1277,1,3e-06
Qwen,7B,1337,336,1,99.1497,1,3e-06
Qwen,7B,1337,337,1,99.1668,1,3e-06
Qwen,7B,1337,338,1,99.1893,1,3e-06
Qwen,7B,1337,339,1,99.2348,1,3e-06
Qwen,7B,1337,340,1,99.2745,1,3e-06
Qwen,7B,1337,341,1,99.2546,1,3e-06
Qwen,7B,1337,342,1,99.2601,1,3e-06
Qwen,7B,1337,343,1,99.2382,1,3e-06
Qwen,7B,1337,344,1,99.2630,1,3e-06
Qwen,7B,1337,345,1,99.2573,1,3e-06
Qwen,7B,1337,346,1,99.2336,1,3e-06
Qwen,7B,1337,347,1,99.2158,1,3e-06
Qwen,7B,1337,348,1,99.1959,1,3e-06
Qwen,7B,1337,349,1,99.2489,1,3e-06
Qwen,7B,1337,350,1,99.2468,1,3e-06
Qwen,7B,1337,351,1,99.2505,1,3e-06
Qwen,7B,1337,352,1,99.2192,1,3e-06
Qwen,7B,1337,353,1,99.2454,1,3e-06
Qwen,7B,1337,354,1,99.2522,1,3e-06
Qwen,7B,1337,355,1,99.2317,1,3e-06
Qwen,7B,1337,356,1,99.2095,1,3e-06
Qwen,7B,1337,357,1,99.2038,1,3e-06
Qwen,7B,1337,358,1,99.2329,1,3e-06
Qwen,7B,1337,359,1,99.2192,1,3e-06
Qwen,7B,1337,360,1,99.1945,1,3e-06
Qwen,7B,1337,361,1,99.2351,1,3e-06
Qwen,7B,1337,362,1,99.2219,1,3e-06
Qwen,7B,1337,363,1,99.1902,1,3e-06
Qwen,7B,1337,364,1,99.1928,1,3e-06
Qwen,7B,1337,365,1,99.2103,1,3e-06
Qwen,7B,1337,366,1,99.2391,1,3e-06
Qwen,7B,1337,367,1,99.2636,1,3e-06
Qwen,7B,1337,368,1,99.2634,1,3e-06
Qwen,7B,1337,369,1,99.2894,1,3e-06
Qwen,7B,1337,370,1,99.2531,1,3e-06
Qwen,7B,1337,371,1,99.2782,1,3e-06
Qwen,7B,1337,372,1,99.3052,1,3e-06
Qwen,7B,1337,373,1,99.2646,1,3e-06
Qwen,7B,1337,374,1,99.2706,1,3e-06
Qwen,7B,1337,375,1,99.2765,1,3e-06
Qwen,7B,1337,376,1,99.2749,1,3e-06
Qwen,7B,1337,377,1,99.2704,1,3e-06
Qwen,7B,1337,378,1,99.2360,1,3e-06
Qwen,7B,1337,379,1,99.2598,1,3e-06
Qwen,7B,1337,380,1,99.2538,1,3e-06
Qwen,7B,1337,381,1,99.2632,1,3e-06
Qwen,7B,1337,382,1,99.2341,1,3e-06
Qwen,7B,1337,383,1,99.2765,1,3e-06
Qwen,7B,1337,384,1,99.2247,1,3e-06
Qwen,7B,1337,385,1,99.2191,1,3e-06
Qwen,7B,1337,386,1,99.2314,1,3e-06
Qwen,7B,1337,387,1,99.2383,1,3e-06
Qwen,7B,1337,388,1,99.2514,1,3e-06
Qwen,7B,1337,389,1,99.2238,1,3e-06
Qwen,7B,1337,390,1,99.2303,1,3e-06
Qwen,7B,1337,391,1,99.2204,1,3e-06
Qwen,7B,1337,392,1,99.2601,1,3e-06
Qwen,7B,1337,393,1,99.2744,1,3e-06
Qwen,7B,1337,394,1,99.2775,1,3e-06
Qwen,7B,1337,395,1,99.2940,1,3e-06
Qwen,7B,1337,396,1,99.2578,1,3e-06
Qwen,7B,1337,397,1,99.2388,1,3e-06
Qwen,7B,1337,398,1,99.2047,1,3e-06
Qwen,7B,1337,0,2,99.6306,1,3e-06
Qwen,7B,1337,1,2,99.5325,1,3e-06
Qwen,7B,1337,2,2,99.3056,1,3e-06
Qwen,7B,1337,3,2,99.1787,1,3e-06
Qwen,7B,1337,4,2,99.1204,1,3e-06
Qwen,7B,1337,5,2,98.9665,1,3e-06
Qwen,7B,1337,6,2,98.7806,1,3e-06
Qwen,7B,1337,7,2,98.6916,1,3e-06
Qwen,7B,1337,8,2,98.6394,1,3e-06
Qwen,7B,1337,9,2,98.6034,1,3e-06
Qwen,7B,1337,10,2,98.5956,1,3e-06
Qwen,7B,1337,11,2,98.5485,1,3e-06
Qwen,7B,1337,12,2,98.5106,1,3e-06
Qwen,7B,1337,13,2,98.4540,1,3e-06
Qwen,7B,1337,14,2,98.4156,1,3e-06
Qwen,7B,1337,15,2,98.4097,1,3e-06
Qwen,7B,1337,16,2,98.4206,1,3e-06
Qwen,7B,1337,17,2,98.4333,1,3e-06
Qwen,7B,1337,18,2,98.4291,1,3e-06
Qwen,7B,1337,19,2,98.4524,1,3e-06
Qwen,7B,1337,20,2,98.5869,1,3e-06
Qwen,7B,1337,21,2,98.6462,1,3e-06
Qwen,7B,1337,22,2,98.7032,1,3e-06
Qwen,7B,1337,23,2,98.7524,1,3e-06
Qwen,7B,1337,24,2,98.8309,1,3e-06
Qwen,7B,1337,25,2,98.8840,1,3e-06
Qwen,7B,1337,26,2,98.9113,1,3e-06
Qwen,7B,1337,27,2,98.9340,1,3e-06
Qwen,7B,1337,28,2,98.9683,1,3e-06
Qwen,7B,1337,29,2,98.9744,1,3e-06
Qwen,7B,1337,30,2,98.9862,1,3e-06
Qwen,7B,1337,31,2,98.9917,1,3e-06
Qwen,7B,1337,32,2,98.9812,1,3e-06
Qwen,7B,1337,33,2,98.9920,1,3e-06
Qwen,7B,1337,34,2,98.9994,1,3e-06
Qwen,7B,1337,35,2,99.0206,1,3e-06
Qwen,7B,1337,36,2,99.0514,1,3e-06
Qwen,7B,1337,37,2,99.0173,1,3e-06
Qwen,7B,1337,38,2,98.9986,1,3e-06
Qwen,7B,1337,39,2,98.9972,1,3e-06
Qwen,7B,1337,40,2,98.9875,1,3e-06
Qwen,7B,1337,41,2,99.0006,1,3e-06
Qwen,7B,1337,42,2,98.9920,1,3e-06
Qwen,7B,1337,43,2,98.9671,1,3e-06
Qwen,7B,1337,44,2,98.9401,1,3e-06
Qwen,7B,1337,45,2,98.9136,1,3e-06
Qwen,7B,1337,46,2,98.9357,1,3e-06
Qwen,7B,1337,47,2,98.9461,1,3e-06
Qwen,7B,1337,48,2,98.9716,1,3e-06
Qwen,7B,1337,49,2,98.9839,1,3e-06
Qwen,7B,1337,50,2,98.9609,1,3e-06
Qwen,7B,1337,51,2,98.9548,1,3e-06
Qwen,7B,1337,52,2,98.9730,1,3e-06
Qwen,7B,1337,53,2,98.9937,1,3e-06
Qwen,7B,1337,54,2,99.0027,1,3e-06
Qwen,7B,1337,55,2,99.0199,1,3e-06
Qwen,7B,1337,56,2,99.0358,1,3e-06
Qwen,7B,1337,57,2,99.0490,1,3e-06
Qwen,7B,1337,58,2,99.0661,1,3e-06
Qwen,7B,1337,59,2,99.0688,1,3e-06
Qwen,7B,1337,60,2,99.0517,1,3e-06
Qwen,7B,1337,61,2,99.0799,1,3e-06
Qwen,7B,1337,62,2,99.0877,1,3e-06
Qwen,7B,1337,63,2,99.0886,1,3e-06
Qwen,7B,1337,64,2,99.0681,1,3e-06
Qwen,7B,1337,65,2,99.1009,1,3e-06
Qwen,7B,1337,66,2,99.0680,1,3e-06
Qwen,7B,1337,67,2,99.0738,1,3e-06
Qwen,7B,1337,68,2,99.0586,1,3e-06
Qwen,7B,1337,69,2,99.0989,1,3e-06
Qwen,7B,1337,70,2,99.0480,1,3e-06
Qwen,7B,1337,71,2,99.0404,1,3e-06
Qwen,7B,1337,72,2,99.0499,1,3e-06
Qwen,7B,1337,73,2,99.0521,1,3e-06
Qwen,7B,1337,74,2,99.0544,1,3e-06
Qwen,7B,1337,75,2,99.0629,1,3e-06
Qwen,7B,1337,76,2,99.0429,1,3e-06
Qwen,7B,1337,77,2,99.0338,1,3e-06
Qwen,7B,1337,78,2,98.9833,1,3e-06
Qwen,7B,1337,79,2,98.9135,1,3e-06
Qwen,7B,1337,80,2,98.9081,1,3e-06
Qwen,7B,1337,81,2,98.9188,1,3e-06
Qwen,7B,1337,82,2,98.9529,1,3e-06
Qwen,7B,1337,83,2,98.9856,1,3e-06
Qwen,7B,1337,84,2,98.9999,1,3e-06
Qwen,7B,1337,85,2,98.9898,1,3e-06
Qwen,7B,1337,86,2,99.0109,1,3e-06
Qwen,7B,1337,87,2,99.0187,1,3e-06
Qwen,7B,1337,88,2,98.9730,1,3e-06
Qwen,7B,1337,89,2,99.0137,1,3e-06
Qwen,7B,1337,90,2,99.0443,1,3e-06
Qwen,7B,1337,91,2,99.0367,1,3e-06
Qwen,7B,1337,92,2,99.0362,1,3e-06
Qwen,7B,1337,93,2,98.9907,1,3e-06
Qwen,7B,1337,94,2,99.0291,1,3e-06
Qwen,7B,1337,95,2,99.0304,1,3e-06
Qwen,7B,1337,96,2,99.0874,1,3e-06
Qwen,7B,1337,97,2,99.0832,1,3e-06
Qwen,7B,1337,98,2,99.0802,1,3e-06
Qwen,7B,1337,99,2,99.0938,1,3e-06
Qwen,7B,1337,100,2,99.1069,1,3e-06
Qwen,7B,1337,101,2,99.1215,1,3e-06
Qwen,7B,1337,102,2,99.0495,1,3e-06
Qwen,7B,1337,103,2,99.0542,1,3e-06
Qwen,7B,1337,104,2,99.0578,1,3e-06
Qwen,7B,1337,105,2,99.0627,1,3e-06
Qwen,7B,1337,106,2,99.0804,1,3e-06
Qwen,7B,1337,107,2,99.0688,1,3e-06
Qwen,7B,1337,108,2,99.0858,1,3e-06
Qwen,7B,1337,109,2,99.0695,1,3e-06
Qwen,7B,1337,110,2,99.0912,1,3e-06
Qwen,7B,1337,111,2,99.0666,1,3e-06
Qwen,7B,1337,112,2,99.0773,1,3e-06
Qwen,7B,1337,113,2,99.0729,1,3e-06
Qwen,7B,1337,114,2,99.0675,1,3e-06
Qwen,7B,1337,115,2,99.0986,1,3e-06
Qwen,7B,1337,116,2,99.1099,1,3e-06
Qwen,7B,1337,117,2,99.1036,1,3e-06
Qwen,7B,1337,118,2,99.0801,1,3e-06
Qwen,7B,1337,119,2,99.0643,1,3e-06
Qwen,7B,1337,120,2,99.0743,1,3e-06
Qwen,7B,1337,121,2,99.0647,1,3e-06
Qwen,7B,1337,122,2,99.0519,1,3e-06
Qwen,7B,1337,123,2,99.1046,1,3e-06
Qwen,7B,1337,124,2,99.0812,1,3e-06
Qwen,7B,1337,125,2,99.0724,1,3e-06
Qwen,7B,1337,126,2,99.0754,1,3e-06
Qwen,7B,1337,127,2,99.0607,1,3e-06
Qwen,7B,1337,128,2,99.0621,1,3e-06
Qwen,7B,1337,129,2,99.0517,1,3e-06
Qwen,7B,1337,130,2,99.0587,1,3e-06
Qwen,7B,1337,131,2,99.0907,1,3e-06
Qwen,7B,1337,132,2,99.0918,1,3e-06
Qwen,7B,1337,133,2,99.1148,1,3e-06
Qwen,7B,1337,134,2,99.0788,1,3e-06
Qwen,7B,1337,135,2,99.0015,1,3e-06
Qwen,7B,1337,136,2,99.0239,1,3e-06
Qwen,7B,1337,137,2,99.0312,1,3e-06
Qwen,7B,1337,138,2,99.0646,1,3e-06
Qwen,7B,1337,139,2,99.0673,1,3e-06
Qwen,7B,1337,140,2,99.0767,1,3e-06
Qwen,7B,1337,141,2,99.0378,1,3e-06
Qwen,7B,1337,142,2,99.0308,1,3e-06
Qwen,7B,1337,143,2,99.0546,1,3e-06
Qwen,7B,1337,144,2,99.1107,1,3e-06
Qwen,7B,1337,145,2,99.1094,1,3e-06
Qwen,7B,1337,146,2,99.1239,1,3e-06
Qwen,7B,1337,147,2,99.1336,1,3e-06
Qwen,7B,1337,148,2,99.1776,1,3e-06
Qwen,7B,1337,149,2,99.1559,1,3e-06
Qwen,7B,1337,150,2,99.1016,1,3e-06
Qwen,7B,1337,151,2,99.1038,1,3e-06
Qwen,7B,1337,152,2,99.1120,1,3e-06
Qwen,7B,1337,153,2,99.0905,1,3e-06
Qwen,7B,1337,154,2,99.1017,1,3e-06
Qwen,7B,1337,155,2,99.1019,1,3e-06
Qwen,7B,1337,156,2,99.0726,1,3e-06
Qwen,7B,1337,157,2,99.0716,1,3e-06
Qwen,7B,1337,158,2,99.1155,1,3e-06
Qwen,7B,1337,159,2,99.1149,1,3e-06
Qwen,7B,1337,160,2,99.0992,1,3e-06
Qwen,7B,1337,161,2,99.1027,1,3e-06
Qwen,7B,1337,162,2,99.0627,1,3e-06
Qwen,7B,1337,163,2,99.0339,1,3e-06
Qwen,7B,1337,164,2,99.0620,1,3e-06
Qwen,7B,1337,165,2,99.0926,1,3e-06
Qwen,7B,1337,166,2,99.1024,1,3e-06
Qwen,7B,1337,167,2,99.1432,1,3e-06
Qwen,7B,1337,168,2,99.1274,1,3e-06
Qwen,7B,1337,169,2,99.1301,1,3e-06
Qwen,7B,1337,170,2,99.1273,1,3e-06
Qwen,7B,1337,171,2,99.1612,1,3e-06
Qwen,7B,1337,172,2,99.1467,1,3e-06
Qwen,7B,1337,173,2,99.1171,1,3e-06
Qwen,7B,1337,174,2,99.1180,1,3e-06
Qwen,7B,1337,175,2,99.1595,1,3e-06
Qwen,7B,1337,176,2,99.1438,1,3e-06
Qwen,7B,1337,177,2,99.1162,1,3e-06
Qwen,7B,1337,178,2,99.1598,1,3e-06
Qwen,7B,1337,179,2,99.1386,1,3e-06
Qwen,7B,1337,180,2,99.1620,1,3e-06
Qwen,7B,1337,181,2,99.1654,1,3e-06
Qwen,7B,1337,182,2,99.1865,1,3e-06
Qwen,7B,1337,183,2,99.1589,1,3e-06
Qwen,7B,1337,184,2,99.1174,1,3e-06
Qwen,7B,1337,185,2,99.0896,1,3e-06
Qwen,7B,1337,186,2,99.1237,1,3e-06
Qwen,7B,1337,187,2,99.1232,1,3e-06
Qwen,7B,1337,188,2,99.0993,1,3e-06
Qwen,7B,1337,189,2,99.0844,1,3e-06
Qwen,7B,1337,190,2,99.0798,1,3e-06
Qwen,7B,1337,191,2,99.0725,1,3e-06
Qwen,7B,1337,192,2,99.0700,1,3e-06
Qwen,7B,1337,193,2,99.0667,1,3e-06
Qwen,7B,1337,194,2,99.1039,1,3e-06
Qwen,7B,1337,195,2,99.0347,1,3e-06
Qwen,7B,1337,196,2,99.0552,1,3e-06
Qwen,7B,1337,197,2,99.0598,1,3e-06
Qwen,7B,1337,198,2,99.1199,1,3e-06
Qwen,7B,1337,199,2,99.1604,1,3e-06
Qwen,7B,1337,200,2,99.1486,1,3e-06
Qwen,7B,1337,201,2,99.0990,1,3e-06
Qwen,7B,1337,202,2,99.0866,1,3e-06
Qwen,7B,1337,203,2,99.0605,1,3e-06
Qwen,7B,1337,204,2,99.0482,1,3e-06
Qwen,7B,1337,205,2,99.0658,1,3e-06
Qwen,7B,1337,206,2,99.0964,1,3e-06
Qwen,7B,1337,207,2,99.0899,1,3e-06
Qwen,7B,1337,208,2,99.0707,1,3e-06
Qwen,7B,1337,209,2,99.1404,1,3e-06
Qwen,7B,1337,210,2,99.0913,1,3e-06
Qwen,7B,1337,211,2,99.1277,1,3e-06
Qwen,7B,1337,212,2,99.1106,1,3e-06
Qwen,7B,1337,213,2,99.1051,1,3e-06
Qwen,7B,1337,214,2,99.0823,1,3e-06
Qwen,7B,1337,215,2,99.0771,1,3e-06
Qwen,7B,1337,216,2,99.0597,1,3e-06
Qwen,7B,1337,217,2,99.1057,1,3e-06
Qwen,7B,1337,218,2,99.1028,1,3e-06
Qwen,7B,1337,219,2,99.0846,1,3e-06
Qwen,7B,1337,220,2,99.0920,1,3e-06
Qwen,7B,1337,221,2,99.1105,1,3e-06
Qwen,7B,1337,222,2,99.1014,1,3e-06
Qwen,7B,1337,223,2,99.1144,1,3e-06
Qwen,7B,1337,224,2,99.0748,1,3e-06
Qwen,7B,1337,225,2,99.0581,1,3e-06
Qwen,7B,1337,226,2,99.0347,1,3e-06
Qwen,7B,1337,227,2,99.0291,1,3e-06
Qwen,7B,1337,228,2,99.0110,1,3e-06
Qwen,7B,1337,229,2,99.0339,1,3e-06
Qwen,7B,1337,230,2,99.0510,1,3e-06
Qwen,7B,1337,231,2,99.1032,1,3e-06
Qwen,7B,1337,232,2,99.0987,1,3e-06
Qwen,7B,1337,233,2,99.0725,1,3e-06
Qwen,7B,1337,234,2,99.0971,1,3e-06
Qwen,7B,1337,235,2,99.0925,1,3e-06
Qwen,7B,1337,236,2,99.0772,1,3e-06
Qwen,7B,1337,237,2,99.0755,1,3e-06
Qwen,7B,1337,238,2,99.0520,1,3e-06
Qwen,7B,1337,239,2,99.0381,1,3e-06
Qwen,7B,1337,240,2,99.0120,1,3e-06
Qwen,7B,1337,241,2,99.0095,1,3e-06
Qwen,7B,1337,242,2,99.0527,1,3e-06
Qwen,7B,1337,243,2,99.0476,1,3e-06
Qwen,7B,1337,244,2,99.0404,1,3e-06
Qwen,7B,1337,245,2,99.0265,1,3e-06
Qwen,7B,1337,246,2,99.0469,1,3e-06
Qwen,7B,1337,247,2,99.0550,1,3e-06
Qwen,7B,1337,248,2,99.0962,1,3e-06
Qwen,7B,1337,249,2,99.1081,1,3e-06
Qwen,7B,1337,250,2,99.0947,1,3e-06
Qwen,7B,1337,251,2,99.0743,1,3e-06
Qwen,7B,1337,252,2,99.0678,1,3e-06
Qwen,7B,1337,253,2,99.0575,1,3e-06
Qwen,7B,1337,254,2,99.0459,1,3e-06
Qwen,7B,1337,255,2,99.0318,1,3e-06
Qwen,7B,1337,256,2,99.0269,1,3e-06
Qwen,7B,1337,257,2,99.0789,1,3e-06
Qwen,7B,1337,258,2,99.0844,1,3e-06
Qwen,7B,1337,259,2,99.1253,1,3e-06
Qwen,7B,1337,260,2,99.1066,1,3e-06
Qwen,7B,1337,261,2,99.0988,1,3e-06
Qwen,7B,1337,262,2,99.0321,1,3e-06
Qwen,7B,1337,263,2,99.0061,1,3e-06
Qwen,7B,1337,264,2,98.9968,1,3e-06
Qwen,7B,1337,265,2,98.9995,1,3e-06
Qwen,7B,1337,266,2,99.0079,1,3e-06
Qwen,7B,1337,267,2,98.9950,1,3e-06
Qwen,7B,1337,268,2,99.0204,1,3e-06
Qwen,7B,1337,269,2,99.0089,1,3e-06
Qwen,7B,1337,270,2,99.0163,1,3e-06
Qwen,7B,1337,271,2,99.0650,1,3e-06
Qwen,7B,1337,272,2,99.0468,1,3e-06
Qwen,7B,1337,273,2,99.0439,1,3e-06
Qwen,7B,1337,274,2,99.0473,1,3e-06
Qwen,7B,1337,275,2,99.0634,1,3e-06
Qwen,7B,1337,276,2,99.0417,1,3e-06
Qwen,7B,1337,277,2,99.0902,1,3e-06
Qwen,7B,1337,278,2,99.0639,1,3e-06
Qwen,7B,1337,279,2,99.0250,1,3e-06
Qwen,7B,1337,280,2,99.0124,1,3e-06
Qwen,7B,1337,281,2,98.9737,1,3e-06
Qwen,7B,1337,282,2,98.9887,1,3e-06
Qwen,7B,1337,283,2,98.9507,1,3e-06
Qwen,7B,1337,284,2,98.9455,1,3e-06
Qwen,7B,1337,285,2,98.9633,1,3e-06
Qwen,7B,1337,286,2,98.9802,1,3e-06
Qwen,7B,1337,287,2,98.9849,1,3e-06
Qwen,7B,1337,288,2,98.9802,1,3e-06
Qwen,7B,1337,289,2,99.0264,1,3e-06
Qwen,7B,1337,290,2,98.9732,1,3e-06
Qwen,7B,1337,291,2,98.9473,1,3e-06
Qwen,7B,1337,292,2,98.9811,1,3e-06
Qwen,7B,1337,293,2,99.0043,1,3e-06
Qwen,7B,1337,294,2,99.0059,1,3e-06
Qwen,7B,1337,295,2,99.0543,1,3e-06
Qwen,7B,1337,296,2,99.0465,1,3e-06
Qwen,7B,1337,297,2,99.0396,1,3e-06
Qwen,7B,1337,298,2,99.0809,1,3e-06
Qwen,7B,1337,299,2,99.0410,1,3e-06
Qwen,7B,1337,300,2,99.0722,1,3e-06
Qwen,7B,1337,301,2,99.0939,1,3e-06
Qwen,7B,1337,302,2,99.0719,1,3e-06
Qwen,7B,1337,303,2,99.0703,1,3e-06
Qwen,7B,1337,304,2,99.0677,1,3e-06
Qwen,7B,1337,305,2,99.0958,1,3e-06
Qwen,7B,1337,306,2,99.0665,1,3e-06
Qwen,7B,1337,307,2,99.0536,1,3e-06
Qwen,7B,1337,308,2,99.0380,1,3e-06
Qwen,7B,1337,309,2,99.0378,1,3e-06
Qwen,7B,1337,310,2,99.0836,1,3e-06
Qwen,7B,1337,311,2,99.0683,1,3e-06
Qwen,7B,1337,312,2,99.0400,1,3e-06
Qwen,7B,1337,313,2,99.0224,1,3e-06
Qwen,7B,1337,314,2,98.9744,1,3e-06
Qwen,7B,1337,315,2,98.9300,1,3e-06
Qwen,7B,1337,316,2,98.9151,1,3e-06
Qwen,7B,1337,317,2,98.9216,1,3e-06
Qwen,7B,1337,318,2,98.9774,1,3e-06
Qwen,7B,1337,319,2,98.9565,1,3e-06
Qwen,7B,1337,320,2,98.9371,1,3e-06
Qwen,7B,1337,321,2,98.9514,1,3e-06
Qwen,7B,1337,322,2,98.9328,1,3e-06
Qwen,7B,1337,323,2,98.9672,1,3e-06
Qwen,7B,1337,324,2,98.8999,1,3e-06
Qwen,7B,1337,325,2,98.8613,1,3e-06
Qwen,7B,1337,326,2,98.8548,1,3e-06
Qwen,7B,1337,327,2,98.8359,1,3e-06
Qwen,7B,1337,328,2,98.8555,1,3e-06
Qwen,7B,1337,329,2,98.7729,1,3e-06
Qwen,7B,1337,330,2,98.7958,1,3e-06
Qwen,7B,1337,331,2,98.8386,1,3e-06
Qwen,7B,1337,332,2,98.8747,1,3e-06
Qwen,7B,1337,333,2,98.8920,1,3e-06
Qwen,7B,1337,334,2,98.9532,1,3e-06
Qwen,7B,1337,335,2,98.9965,1,3e-06
Qwen,7B,1337,336,2,99.0213,1,3e-06
Qwen,7B,1337,337,2,99.0535,1,3e-06
Qwen,7B,1337,338,2,99.0961,1,3e-06
Qwen,7B,1337,339,2,99.1376,1,3e-06
Qwen,7B,1337,340,2,99.1198,1,3e-06
Qwen,7B,1337,341,2,99.1430,1,3e-06
Qwen,7B,1337,342,2,99.1111,1,3e-06
Qwen,7B,1337,343,2,99.1155,1,3e-06
Qwen,7B,1337,344,2,99.1305,1,3e-06
Qwen,7B,1337,345,2,99.0976,1,3e-06
Qwen,7B,1337,346,2,99.0804,1,3e-06
Qwen,7B,1337,347,2,99.0633,1,3e-06
Qwen,7B,1337,348,2,99.1120,1,3e-06
Qwen,7B,1337,349,2,99.1198,1,3e-06
Qwen,7B,1337,350,2,99.1115,1,3e-06
Qwen,7B,1337,351,2,99.0835,1,3e-06
Qwen,7B,1337,352,2,99.1086,1,3e-06
Qwen,7B,1337,353,2,99.1290,1,3e-06
Qwen,7B,1337,354,2,99.0937,1,3e-06
Qwen,7B,1337,355,2,99.0686,1,3e-06
Qwen,7B,1337,356,2,99.0606,1,3e-06
Qwen,7B,1337,357,2,99.0997,1,3e-06
Qwen,7B,1337,358,2,99.0903,1,3e-06
Qwen,7B,1337,359,2,99.0548,1,3e-06
Qwen,7B,1337,360,2,99.1021,1,3e-06
Qwen,7B,1337,361,2,99.0698,1,3e-06
Qwen,7B,1337,362,2,99.0575,1,3e-06
Qwen,7B,1337,363,2,99.0604,1,3e-06
Qwen,7B,1337,364,2,99.0684,1,3e-06
Qwen,7B,1337,365,2,99.0761,1,3e-06
Qwen,7B,1337,366,2,99.1089,1,3e-06
Qwen,7B,1337,367,2,99.1288,1,3e-06
Qwen,7B,1337,368,2,99.1594,1,3e-06
Qwen,7B,1337,369,2,99.1249,1,3e-06
Qwen,7B,1337,370,2,99.1412,1,3e-06
Qwen,7B,1337,371,2,99.1657,1,3e-06
Qwen,7B,1337,372,2,99.1401,1,3e-06
Qwen,7B,1337,373,2,99.1325,1,3e-06
Qwen,7B,1337,374,2,99.1449,1,3e-06
Qwen,7B,1337,375,2,99.1127,1,3e-06
Qwen,7B,1337,376,2,99.1416,1,3e-06
Qwen,7B,1337,377,2,99.1084,1,3e-06
Qwen,7B,1337,378,2,99.1193,1,3e-06
Qwen,7B,1337,379,2,99.1160,1,3e-06
Qwen,7B,1337,380,2,99.1213,1,3e-06
Qwen,7B,1337,381,2,99.0960,1,3e-06
Qwen,7B,1337,382,2,99.1475,1,3e-06
Qwen,7B,1337,383,2,99.0872,1,3e-06
Qwen,7B,1337,384,2,99.0859,1,3e-06
Qwen,7B,1337,385,2,99.0939,1,3e-06
Qwen,7B,1337,386,2,99.1051,1,3e-06
Qwen,7B,1337,387,2,99.1136,1,3e-06
Qwen,7B,1337,388,2,99.0900,1,3e-06
Qwen,7B,1337,389,2,99.0889,1,3e-06
Qwen,7B,1337,390,2,99.0917,1,3e-06
Qwen,7B,1337,391,2,99.1351,1,3e-06
Qwen,7B,1337,392,2,99.1387,1,3e-06
Qwen,7B,1337,393,2,99.1340,1,3e-06
Qwen,7B,1337,394,2,99.1520,1,3e-06
Qwen,7B,1337,395,2,99.1217,1,3e-06
Qwen,7B,1337,396,2,99.1093,1,3e-06
Qwen,7B,1337,397,2,99.0687,1,3e-06
Qwen,7B,1337,0,4,99.2968,1,3e-06
Qwen,7B,1337,1,4,99.1679,1,3e-06
Qwen,7B,1337,2,4,99.0989,1,3e-06
Qwen,7B,1337,3,4,98.9385,1,3e-06
Qwen,7B,1337,4,4,98.7448,1,3e-06
Qwen,7B,1337,5,4,98.6355,1,3e-06
Qwen,7B,1337,6,4,98.5520,1,3e-06
Qwen,7B,1337,7,4,98.4946,1,3e-06
Qwen,7B,1337,8,4,98.4838,1,3e-06
Qwen,7B,1337,9,4,98.4560,1,3e-06
Qwen,7B,1337,10,4,98.4108,1,3e-06
Qwen,7B,1337,11,4,98.3488,1,3e-06
Qwen,7B,1337,12,4,98.3062,1,3e-06
Qwen,7B,1337,13,4,98.2840,1,3e-06
Qwen,7B,1337,14,4,98.2730,1,3e-06
Qwen,7B,1337,15,4,98.2583,1,3e-06
Qwen,7B,1337,16,4,98.2338,1,3e-06
Qwen,7B,1337,17,4,98.2521,1,3e-06
Qwen,7B,1337,18,4,98.3080,1,3e-06
Qwen,7B,1337,19,4,98.3560,1,3e-06
Qwen,7B,1337,20,4,98.4662,1,3e-06
Qwen,7B,1337,21,4,98.5157,1,3e-06
Qwen,7B,1337,22,4,98.5845,1,3e-06
Qwen,7B,1337,23,4,98.6526,1,3e-06
Qwen,7B,1337,24,4,98.7131,1,3e-06
Qwen,7B,1337,25,4,98.7431,1,3e-06
Qwen,7B,1337,26,4,98.7774,1,3e-06
Qwen,7B,1337,27,4,98.8014,1,3e-06
Qwen,7B,1337,28,4,98.8247,1,3e-06
Qwen,7B,1337,29,4,98.8310,1,3e-06
Qwen,7B,1337,30,4,98.8254,1,3e-06
Qwen,7B,1337,31,4,98.8337,1,3e-06
Qwen,7B,1337,32,4,98.8378,1,3e-06
Qwen,7B,1337,33,4,98.8478,1,3e-06
Qwen,7B,1337,34,4,98.8693,1,3e-06
Qwen,7B,1337,35,4,98.8640,1,3e-06
Qwen,7B,1337,36,4,98.8608,1,3e-06
Qwen,7B,1337,37,4,98.8493,1,3e-06
Qwen,7B,1337,38,4,98.8368,1,3e-06
Qwen,7B,1337,39,4,98.8321,1,3e-06
Qwen,7B,1337,40,4,98.8233,1,3e-06
Qwen,7B,1337,41,4,98.8143,1,3e-06
Qwen,7B,1337,42,4,98.8025,1,3e-06
Qwen,7B,1337,43,4,98.7827,1,3e-06
Qwen,7B,1337,44,4,98.7798,1,3e-06
Qwen,7B,1337,45,4,98.7851,1,3e-06
Qwen,7B,1337,46,4,98.8043,1,3e-06
Qwen,7B,1337,47,4,98.8090,1,3e-06
Qwen,7B,1337,48,4,98.8063,1,3e-06
Qwen,7B,1337,49,4,98.8036,1,3e-06
Qwen,7B,1337,50,4,98.8046,1,3e-06
Qwen,7B,1337,51,4,98.8182,1,3e-06
Qwen,7B,1337,52,4,98.8283,1,3e-06
Qwen,7B,1337,53,4,98.8425,1,3e-06
Qwen,7B,1337,54,4,98.8574,1,3e-06
Qwen,7B,1337,55,4,98.8763,1,3e-06
Qwen,7B,1337,56,4,98.8939,1,3e-06
Qwen,7B,1337,57,4,98.8997,1,3e-06
Qwen,7B,1337,58,4,98.8944,1,3e-06
Qwen,7B,1337,59,4,98.9110,1,3e-06
Qwen,7B,1337,60,4,98.9172,1,3e-06
Qwen,7B,1337,61,4,98.9200,1,3e-06
Qwen,7B,1337,62,4,98.9086,1,3e-06
Qwen,7B,1337,63,4,98.9239,1,3e-06
Qwen,7B,1337,64,4,98.9032,1,3e-06
Qwen,7B,1337,65,4,98.9113,1,3e-06
Qwen,7B,1337,66,4,98.8916,1,3e-06
Qwen,7B,1337,67,4,98.9102,1,3e-06
Qwen,7B,1337,68,4,98.8888,1,3e-06
Qwen,7B,1337,69,4,98.8835,1,3e-06
Qwen,7B,1337,70,4,98.8835,1,3e-06
Qwen,7B,1337,71,4,98.8864,1,3e-06
Qwen,7B,1337,72,4,98.8852,1,3e-06
Qwen,7B,1337,73,4,98.8837,1,3e-06
Qwen,7B,1337,74,4,98.8790,1,3e-06
Qwen,7B,1337,75,4,98.8787,1,3e-06
Qwen,7B,1337,76,4,98.8393,1,3e-06
Qwen,7B,1337,77,4,98.7758,1,3e-06
Qwen,7B,1337,78,4,98.7474,1,3e-06
Qwen,7B,1337,79,4,98.7329,1,3e-06
Qwen,7B,1337,80,4,98.7445,1,3e-06
Qwen,7B,1337,81,4,98.7688,1,3e-06
Qwen,7B,1337,82,4,98.8036,1,3e-06
Qwen,7B,1337,83,4,98.8150,1,3e-06
Qwen,7B,1337,84,4,98.8294,1,3e-06
Qwen,7B,1337,85,4,98.8381,1,3e-06
Qwen,7B,1337,86,4,98.8172,1,3e-06
Qwen,7B,1337,87,4,98.8286,1,3e-06
Qwen,7B,1337,88,4,98.8453,1,3e-06
Qwen,7B,1337,89,4,98.8620,1,3e-06
Qwen,7B,1337,90,4,98.8606,1,3e-06
Qwen,7B,1337,91,4,98.8310,1,3e-06
Qwen,7B,1337,92,4,98.8348,1,3e-06
Qwen,7B,1337,93,4,98.8271,1,3e-06
Qwen,7B,1337,94,4,98.8812,1,3e-06
Qwen,7B,1337,95,4,98.9060,1,3e-06
Qwen,7B,1337,96,4,98.9107,1,3e-06
Qwen,7B,1337,97,4,98.9104,1,3e-06
Qwen,7B,1337,98,4,98.9279,1,3e-06
Qwen,7B,1337,99,4,98.9480,1,3e-06
Qwen,7B,1337,100,4,98.9060,1,3e-06
Qwen,7B,1337,101,4,98.8963,1,3e-06
Qwen,7B,1337,102,4,98.8883,1,3e-06
Qwen,7B,1337,103,4,98.8875,1,3e-06
Qwen,7B,1337,104,4,98.9034,1,3e-06
Qwen,7B,1337,105,4,98.9016,1,3e-06
Qwen,7B,1337,106,4,98.9027,1,3e-06
Qwen,7B,1337,107,4,98.8964,1,3e-06
Qwen,7B,1337,108,4,98.9170,1,3e-06
Qwen,7B,1337,109,4,98.9041,1,3e-06
Qwen,7B,1337,110,4,98.9063,1,3e-06
Qwen,7B,1337,111,4,98.8987,1,3e-06
Qwen,7B,1337,112,4,98.8940,1,3e-06
Qwen,7B,1337,113,4,98.9165,1,3e-06
Qwen,7B,1337,114,4,98.9374,1,3e-06
Qwen,7B,1337,115,4,98.9469,1,3e-06
Qwen,7B,1337,116,4,98.9273,1,3e-06
Qwen,7B,1337,117,4,98.9037,1,3e-06
Qwen,7B,1337,118,4,98.9045,1,3e-06
Qwen,7B,1337,119,4,98.9004,1,3e-06
Qwen,7B,1337,120,4,98.8865,1,3e-06
Qwen,7B,1337,121,4,98.9124,1,3e-06
Qwen,7B,1337,122,4,98.9141,1,3e-06
Qwen,7B,1337,123,4,98.9068,1,3e-06
Qwen,7B,1337,124,4,98.8942,1,3e-06
Qwen,7B,1337,125,4,98.8873,1,3e-06
Qwen,7B,1337,126,4,98.8945,1,3e-06
Qwen,7B,1337,127,4,98.8861,1,3e-06
Qwen,7B,1337,128,4,98.8851,1,3e-06
Qwen,7B,1337,129,4,98.9038,1,3e-06
Qwen,7B,1337,130,4,98.9137,1,3e-06
Qwen,7B,1337,131,4,98.9380,1,3e-06
Qwen,7B,1337,132,4,98.9203,1,3e-06
Qwen,7B,1337,133,4,98.8573,1,3e-06
Qwen,7B,1337,134,4,98.8456,1,3e-06
Qwen,7B,1337,135,4,98.8384,1,3e-06
Qwen,7B,1337,136,4,98.8570,1,3e-06
Qwen,7B,1337,137,4,98.8766,1,3e-06
Qwen,7B,1337,138,4,98.8950,1,3e-06
Qwen,7B,1337,139,4,98.8719,1,3e-06
Qwen,7B,1337,140,4,98.8663,1,3e-06
Qwen,7B,1337,141,4,98.8671,1,3e-06
Qwen,7B,1337,142,4,98.9020,1,3e-06
Qwen,7B,1337,143,4,98.9314,1,3e-06
Qwen,7B,1337,144,4,98.9532,1,3e-06
Qwen,7B,1337,145,4,98.9655,1,3e-06
Qwen,7B,1337,146,4,98.9991,1,3e-06
Qwen,7B,1337,147,4,98.9970,1,3e-06
Qwen,7B,1337,148,4,98.9630,1,3e-06
Qwen,7B,1337,149,4,98.9430,1,3e-06
Qwen,7B,1337,150,4,98.9353,1,3e-06
Qwen,7B,1337,151,4,98.9287,1,3e-06
Qwen,7B,1337,152,4,98.9350,1,3e-06
Qwen,7B,1337,153,4,98.9394,1,3e-06
Qwen,7B,1337,154,4,98.9139,1,3e-06
Qwen,7B,1337,155,4,98.9010,1,3e-06
Qwen,7B,1337,156,4,98.9298,1,3e-06
Qwen,7B,1337,157,4,98.9500,1,3e-06
Qwen,7B,1337,158,4,98.9450,1,3e-06
Qwen,7B,1337,159,4,98.9363,1,3e-06
Qwen,7B,1337,160,4,98.9076,1,3e-06
Qwen,7B,1337,161,4,98.8710,1,3e-06
Qwen,7B,1337,162,4,98.8704,1,3e-06
Qwen,7B,1337,163,4,98.8987,1,3e-06
Qwen,7B,1337,164,4,98.9242,1,3e-06
Qwen,7B,1337,165,4,98.9594,1,3e-06
Qwen,7B,1337,166,4,98.9643,1,3e-06
Qwen,7B,1337,167,4,98.9714,1,3e-06
Qwen,7B,1337,168,4,98.9618,1,3e-06
Qwen,7B,1337,169,4,98.9801,1,3e-06
Qwen,7B,1337,170,4,98.9860,1,3e-06
Qwen,7B,1337,171,4,98.9739,1,3e-06
Qwen,7B,1337,172,4,98.9612,1,3e-06
Qwen,7B,1337,173,4,98.9779,1,3e-06
Qwen,7B,1337,174,4,98.9804,1,3e-06
Qwen,7B,1337,175,4,98.9651,1,3e-06
Qwen,7B,1337,176,4,98.9807,1,3e-06
Qwen,7B,1337,177,4,98.9735,1,3e-06
Qwen,7B,1337,178,4,98.9941,1,3e-06
Qwen,7B,1337,179,4,98.9981,1,3e-06
Qwen,7B,1337,180,4,99.0196,1,3e-06
Qwen,7B,1337,181,4,99.0084,1,3e-06
Qwen,7B,1337,182,4,98.9773,1,3e-06
Qwen,7B,1337,183,4,98.9391,1,3e-06
Qwen,7B,1337,184,4,98.9431,1,3e-06
Qwen,7B,1337,185,4,98.9496,1,3e-06
Qwen,7B,1337,186,4,98.9400,1,3e-06
Qwen,7B,1337,187,4,98.9240,1,3e-06
Qwen,7B,1337,188,4,98.9108,1,3e-06
Qwen,7B,1337,189,4,98.8924,1,3e-06
Qwen,7B,1337,190,4,98.8885,1,3e-06
Qwen,7B,1337,191,4,98.8899,1,3e-06
Qwen,7B,1337,192,4,98.9186,1,3e-06
Qwen,7B,1337,193,4,98.8794,1,3e-06
Qwen,7B,1337,194,4,98.8830,1,3e-06
Qwen,7B,1337,195,4,98.8792,1,3e-06
Qwen,7B,1337,196,4,98.9194,1,3e-06
Qwen,7B,1337,197,4,98.9646,1,3e-06
Qwen,7B,1337,198,4,98.9945,1,3e-06
Qwen,7B,1337,199,4,98.9616,1,3e-06
Qwen,7B,1337,200,4,98.9298,1,3e-06
Qwen,7B,1337,201,4,98.8983,1,3e-06
Qwen,7B,1337,202,4,98.8853,1,3e-06
Qwen,7B,1337,203,4,98.8866,1,3e-06
Qwen,7B,1337,204,4,98.9015,1,3e-06
Qwen,7B,1337,205,4,98.9119,1,3e-06
Qwen,7B,1337,206,4,98.9094,1,3e-06
Qwen,7B,1337,207,4,98.9436,1,3e-06
Qwen,7B,1337,208,4,98.9302,1,3e-06
Qwen,7B,1337,209,4,98.9553,1,3e-06
Qwen,7B,1337,210,4,98.9406,1,3e-06
Qwen,7B,1337,211,4,98.9463,1,3e-06
Qwen,7B,1337,212,4,98.9247,1,3e-06
Qwen,7B,1337,213,4,98.9103,1,3e-06
Qwen,7B,1337,214,4,98.8952,1,3e-06
Qwen,7B,1337,215,4,98.9165,1,3e-06
Qwen,7B,1337,216,4,98.9243,1,3e-06
Qwen,7B,1337,217,4,98.9254,1,3e-06
Qwen,7B,1337,218,4,98.9184,1,3e-06
Qwen,7B,1337,219,4,98.9290,1,3e-06
Qwen,7B,1337,220,4,98.9414,1,3e-06
Qwen,7B,1337,221,4,98.9451,1,3e-06
Qwen,7B,1337,222,4,98.9097,1,3e-06
Qwen,7B,1337,223,4,98.8948,1,3e-06
Qwen,7B,1337,224,4,98.8689,1,3e-06
Qwen,7B,1337,225,4,98.8586,1,3e-06
Qwen,7B,1337,226,4,98.8324,1,3e-06
Qwen,7B,1337,227,4,98.8411,1,3e-06
Qwen,7B,1337,228,4,98.8572,1,3e-06
Qwen,7B,1337,229,4,98.8961,1,3e-06
Qwen,7B,1337,230,4,98.9167,1,3e-06
Qwen,7B,1337,231,4,98.9056,1,3e-06
Qwen,7B,1337,232,4,98.9117,1,3e-06
Qwen,7B,1337,233,4,98.9198,1,3e-06
Qwen,7B,1337,234,4,98.9151,1,3e-06
Qwen,7B,1337,235,4,98.9059,1,3e-06
Qwen,7B,1337,236,4,98.8851,1,3e-06
Qwen,7B,1337,237,4,98.8715,1,3e-06
Qwen,7B,1337,238,4,98.8434,1,3e-06
Qwen,7B,1337,239,4,98.8265,1,3e-06
Qwen,7B,1337,240,4,98.8481,1,3e-06
Qwen,7B,1337,241,4,98.8616,1,3e-06
Qwen,7B,1337,242,4,98.8663,1,3e-06
Qwen,7B,1337,243,4,98.8489,1,3e-06
Qwen,7B,1337,244,4,98.8616,1,3e-06
Qwen,7B,1337,245,4,98.8695,1,3e-06
Qwen,7B,1337,246,4,98.8987,1,3e-06
Qwen,7B,1337,247,4,98.9228,1,3e-06
Qwen,7B,1337,248,4,98.9273,1,3e-06
Qwen,7B,1337,249,4,98.9122,1,3e-06
Qwen,7B,1337,250,4,98.9007,1,3e-06
Qwen,7B,1337,251,4,98.8856,1,3e-06
Qwen,7B,1337,252,4,98.8715,1,3e-06
Qwen,7B,1337,253,4,98.8575,1,3e-06
Qwen,7B,1337,254,4,98.8519,1,3e-06
Qwen,7B,1337,255,4,98.8847,1,3e-06
Qwen,7B,1337,256,4,98.9040,1,3e-06
Qwen,7B,1337,257,4,98.9401,1,3e-06
Qwen,7B,1337,258,4,98.9372,1,3e-06
Qwen,7B,1337,259,4,98.9389,1,3e-06
Qwen,7B,1337,260,4,98.8854,1,3e-06
Qwen,7B,1337,261,4,98.8521,1,3e-06
Qwen,7B,1337,262,4,98.8272,1,3e-06
Qwen,7B,1337,263,4,98.8144,1,3e-06
Qwen,7B,1337,264,4,98.8128,1,3e-06
Qwen,7B,1337,265,4,98.8146,1,3e-06
Qwen,7B,1337,266,4,98.8325,1,3e-06
Qwen,7B,1337,267,4,98.8263,1,3e-06
Qwen,7B,1337,268,4,98.8323,1,3e-06
Qwen,7B,1337,269,4,98.8635,1,3e-06
Qwen,7B,1337,270,4,98.8704,1,3e-06
Qwen,7B,1337,271,4,98.8695,1,3e-06
Qwen,7B,1337,272,4,98.8722,1,3e-06
Qwen,7B,1337,273,4,98.8836,1,3e-06
Qwen,7B,1337,274,4,98.8704,1,3e-06
Qwen,7B,1337,275,4,98.8912,1,3e-06
Qwen,7B,1337,276,4,98.8833,1,3e-06
Qwen,7B,1337,277,4,98.8688,1,3e-06
Qwen,7B,1337,278,4,98.8411,1,3e-06
Qwen,7B,1337,279,4,98.8010,1,3e-06
Qwen,7B,1337,280,4,98.8060,1,3e-06
Qwen,7B,1337,281,4,98.7705,1,3e-06
Qwen,7B,1337,282,4,98.7575,1,3e-06
Qwen,7B,1337,283,4,98.7613,1,3e-06
Qwen,7B,1337,284,4,98.7694,1,3e-06
Qwen,7B,1337,285,4,98.7811,1,3e-06
Qwen,7B,1337,286,4,98.7918,1,3e-06
Qwen,7B,1337,287,4,98.8201,1,3e-06
Qwen,7B,1337,288,4,98.7946,1,3e-06
Qwen,7B,1337,289,4,98.7777,1,3e-06
Qwen,7B,1337,290,4,98.7872,1,3e-06
Qwen,7B,1337,291,4,98.8105,1,3e-06
Qwen,7B,1337,292,4,98.8274,1,3e-06
Qwen,7B,1337,293,4,98.8524,1,3e-06
Qwen,7B,1337,294,4,98.8562,1,3e-06
Qwen,7B,1337,295,4,98.8656,1,3e-06
Qwen,7B,1337,296,4,98.8897,1,3e-06
Qwen,7B,1337,297,4,98.8645,1,3e-06
Qwen,7B,1337,298,4,98.8726,1,3e-06
Qwen,7B,1337,299,4,98.8944,1,3e-06
Qwen,7B,1337,300,4,98.9019,1,3e-06
Qwen,7B,1337,301,4,98.9040,1,3e-06
Qwen,7B,1337,302,4,98.8933,1,3e-06
Qwen,7B,1337,303,4,98.9084,1,3e-06
Qwen,7B,1337,304,4,98.8950,1,3e-06
Qwen,7B,1337,305,4,98.8868,1,3e-06
Qwen,7B,1337,306,4,98.8714,1,3e-06
Qwen,7B,1337,307,4,98.8629,1,3e-06
Qwen,7B,1337,308,4,98.8856,1,3e-06
Qwen,7B,1337,309,4,98.8860,1,3e-06
Qwen,7B,1337,310,4,98.8757,1,3e-06
Qwen,7B,1337,311,4,98.8522,1,3e-06
Qwen,7B,1337,312,4,98.8142,1,3e-06
Qwen,7B,1337,313,4,98.7801,1,3e-06
Qwen,7B,1337,314,4,98.7416,1,3e-06
Qwen,7B,1337,315,4,98.7191,1,3e-06
Qwen,7B,1337,316,4,98.7445,1,3e-06
Qwen,7B,1337,317,4,98.7472,1,3e-06
Qwen,7B,1337,318,4,98.7513,1,3e-06
Qwen,7B,1337,319,4,98.7540,1,3e-06
Qwen,7B,1337,320,4,98.7360,1,3e-06
Qwen,7B,1337,321,4,98.7479,1,3e-06
Qwen,7B,1337,322,4,98.7073,1,3e-06
Qwen,7B,1337,323,4,98.6634,1,3e-06
Qwen,7B,1337,324,4,98.6359,1,3e-06
Qwen,7B,1337,325,4,98.6374,1,3e-06
Qwen,7B,1337,326,4,98.6552,1,3e-06
Qwen,7B,1337,327,4,98.5891,1,3e-06
Qwen,7B,1337,328,4,98.6107,1,3e-06
Qwen,7B,1337,329,4,98.6306,1,3e-06
Qwen,7B,1337,330,4,98.6418,1,3e-06
Qwen,7B,1337,331,4,98.6749,1,3e-06
Qwen,7B,1337,332,4,98.7321,1,3e-06
Qwen,7B,1337,333,4,98.7622,1,3e-06
Qwen,7B,1337,334,4,98.8013,1,3e-06
Qwen,7B,1337,335,4,98.8528,1,3e-06
Qwen,7B,1337,336,4,98.9017,1,3e-06
Qwen,7B,1337,337,4,98.9476,1,3e-06
Qwen,7B,1337,338,4,98.9483,1,3e-06
Qwen,7B,1337,339,4,98.9716,1,3e-06
Qwen,7B,1337,340,4,98.9600,1,3e-06
Qwen,7B,1337,341,4,98.9654,1,3e-06
Qwen,7B,1337,342,4,98.9562,1,3e-06
Qwen,7B,1337,343,4,98.9360,1,3e-06
Qwen,7B,1337,344,4,98.9258,1,3e-06
Qwen,7B,1337,345,4,98.9037,1,3e-06
Qwen,7B,1337,346,4,98.9326,1,3e-06
Qwen,7B,1337,347,4,98.9457,1,3e-06
Qwen,7B,1337,348,4,98.9495,1,3e-06
Qwen,7B,1337,349,4,98.9285,1,3e-06
Qwen,7B,1337,350,4,98.9340,1,3e-06
Qwen,7B,1337,351,4,98.9501,1,3e-06
Qwen,7B,1337,352,4,98.9391,1,3e-06
Qwen,7B,1337,353,4,98.9136,1,3e-06
Qwen,7B,1337,354,4,98.8897,1,3e-06
Qwen,7B,1337,355,4,98.9106,1,3e-06
Qwen,7B,1337,356,4,98.9167,1,3e-06
Qwen,7B,1337,357,4,98.9022,1,3e-06
Qwen,7B,1337,358,4,98.9237,1,3e-06
Qwen,7B,1337,359,4,98.9028,1,3e-06
Qwen,7B,1337,360,4,98.8892,1,3e-06
Qwen,7B,1337,361,4,98.8847,1,3e-06
Qwen,7B,1337,362,4,98.9006,1,3e-06
Qwen,7B,1337,363,4,98.9028,1,3e-06
Qwen,7B,1337,364,4,98.9055,1,3e-06
Qwen,7B,1337,365,4,98.9267,1,3e-06
Qwen,7B,1337,366,4,98.9735,1,3e-06
Qwen,7B,1337,367,4,98.9669,1,3e-06
Qwen,7B,1337,368,4,98.9810,1,3e-06
Qwen,7B,1337,369,4,98.9923,1,3e-06
Qwen,7B,1337,370,4,98.9780,1,3e-06
Qwen,7B,1337,371,4,98.9775,1,3e-06
Qwen,7B,1337,372,4,98.9838,1,3e-06
Qwen,7B,1337,373,4,98.9574,1,3e-06
Qwen,7B,1337,374,4,98.9568,1,3e-06
Qwen,7B,1337,375,4,98.9364,1,3e-06
Qwen,7B,1337,376,4,98.9604,1,3e-06
Qwen,7B,1337,377,4,98.9516,1,3e-06
Qwen,7B,1337,378,4,98.9479,1,3e-06
Qwen,7B,1337,379,4,98.9275,1,3e-06
Qwen,7B,1337,380,4,98.9574,1,3e-06
Qwen,7B,1337,381,4,98.9314,1,3e-06
Qwen,7B,1337,382,4,98.9269,1,3e-06
Qwen,7B,1337,383,4,98.9245,1,3e-06
Qwen,7B,1337,384,4,98.9357,1,3e-06
Qwen,7B,1337,385,4,98.9434,1,3e-06
Qwen,7B,1337,386,4,98.9293,1,3e-06
Qwen,7B,1337,387,4,98.9239,1,3e-06
Qwen,7B,1337,388,4,98.9224,1,3e-06
Qwen,7B,1337,389,4,98.9555,1,3e-06
Qwen,7B,1337,390,4,98.9765,1,3e-06
Qwen,7B,1337,391,4,98.9760,1,3e-06
Qwen,7B,1337,392,4,98.9784,1,3e-06
Qwen,7B,1337,393,4,98.9555,1,3e-06
Qwen,7B,1337,394,4,98.9472,1,3e-06
Qwen,7B,1337,395,4,98.9168,1,3e-06
Qwen,7B,1337,0,8,98.7361,1,3e-06
Qwen,7B,1337,1,8,98.6207,1,3e-06
Qwen,7B,1337,2,8,98.5280,1,3e-06
Qwen,7B,1337,3,8,98.4532,1,3e-06
Qwen,7B,1337,4,8,98.4097,1,3e-06
Qwen,7B,1337,5,8,98.3532,1,3e-06
Qwen,7B,1337,6,8,98.2883,1,3e-06
Qwen,7B,1337,7,8,98.2210,1,3e-06
Qwen,7B,1337,8,8,98.1751,1,3e-06
Qwen,7B,1337,9,8,98.1535,1,3e-06
Qwen,7B,1337,10,8,98.1367,1,3e-06
Qwen,7B,1337,11,8,98.1100,1,3e-06
Qwen,7B,1337,12,8,98.0703,1,3e-06
Qwen,7B,1337,13,8,98.0554,1,3e-06
Qwen,7B,1337,14,8,98.0610,1,3e-06
Qwen,7B,1337,15,8,98.0707,1,3e-06
Qwen,7B,1337,16,8,98.0954,1,3e-06
Qwen,7B,1337,17,8,98.1299,1,3e-06
Qwen,7B,1337,18,8,98.1848,1,3e-06
Qwen,7B,1337,19,8,98.2353,1,3e-06
Qwen,7B,1337,20,8,98.3397,1,3e-06
Qwen,7B,1337,21,8,98.3951,1,3e-06
Qwen,7B,1337,22,8,98.4548,1,3e-06
Qwen,7B,1337,23,8,98.5044,1,3e-06
Qwen,7B,1337,24,8,98.5540,1,3e-06
Qwen,7B,1337,25,8,98.5821,1,3e-06
Qwen,7B,1337,26,8,98.5957,1,3e-06
Qwen,7B,1337,27,8,98.6173,1,3e-06
Qwen,7B,1337,28,8,98.6315,1,3e-06
Qwen,7B,1337,29,8,98.6418,1,3e-06
Qwen,7B,1337,30,8,98.6559,1,3e-06
Qwen,7B,1337,31,8,98.6491,1,3e-06
Qwen,7B,1337,32,8,98.6476,1,3e-06
Qwen,7B,1337,33,8,98.6468,1,3e-06
Qwen,7B,1337,34,8,98.6487,1,3e-06
Qwen,7B,1337,35,8,98.6498,1,3e-06
Qwen,7B,1337,36,8,98.6460,1,3e-06
Qwen,7B,1337,37,8,98.6254,1,3e-06
Qwen,7B,1337,38,8,98.6089,1,3e-06
Qwen,7B,1337,39,8,98.5960,1,3e-06
Qwen,7B,1337,40,8,98.5973,1,3e-06
Qwen,7B,1337,41,8,98.6064,1,3e-06
Qwen,7B,1337,42,8,98.6145,1,3e-06
Qwen,7B,1337,43,8,98.6139,1,3e-06
Qwen,7B,1337,44,8,98.6019,1,3e-06
Qwen,7B,1337,45,8,98.5960,1,3e-06
Qwen,7B,1337,46,8,98.6050,1,3e-06
Qwen,7B,1337,47,8,98.6132,1,3e-06
Qwen,7B,1337,48,8,98.6192,1,3e-06
Qwen,7B,1337,49,8,98.6287,1,3e-06
Qwen,7B,1337,50,8,98.6300,1,3e-06
Qwen,7B,1337,51,8,98.6421,1,3e-06
Qwen,7B,1337,52,8,98.6577,1,3e-06
Qwen,7B,1337,53,8,98.6695,1,3e-06
Qwen,7B,1337,54,8,98.6729,1,3e-06
Qwen,7B,1337,55,8,98.6916,1,3e-06
Qwen,7B,1337,56,8,98.7032,1,3e-06
Qwen,7B,1337,57,8,98.7075,1,3e-06
Qwen,7B,1337,58,8,98.7047,1,3e-06
Qwen,7B,1337,59,8,98.7146,1,3e-06
Qwen,7B,1337,60,8,98.7011,1,3e-06
Qwen,7B,1337,61,8,98.7034,1,3e-06
Qwen,7B,1337,62,8,98.6941,1,3e-06
Qwen,7B,1337,63,8,98.7066,1,3e-06
Qwen,7B,1337,64,8,98.6859,1,3e-06
Qwen,7B,1337,65,8,98.6819,1,3e-06
Qwen,7B,1337,66,8,98.6828,1,3e-06
Qwen,7B,1337,67,8,98.6815,1,3e-06
Qwen,7B,1337,68,8,98.6843,1,3e-06
Qwen,7B,1337,69,8,98.6850,1,3e-06
Qwen,7B,1337,70,8,98.6752,1,3e-06
Qwen,7B,1337,71,8,98.6696,1,3e-06
Qwen,7B,1337,72,8,98.6449,1,3e-06
Qwen,7B,1337,73,8,98.5994,1,3e-06
Qwen,7B,1337,74,8,98.5814,1,3e-06
Qwen,7B,1337,75,8,98.5701,1,3e-06
Qwen,7B,1337,76,8,98.5614,1,3e-06
Qwen,7B,1337,77,8,98.5599,1,3e-06
Qwen,7B,1337,78,8,98.5565,1,3e-06
Qwen,7B,1337,79,8,98.5498,1,3e-06
Qwen,7B,1337,80,8,98.5609,1,3e-06
Qwen,7B,1337,81,8,98.5802,1,3e-06
Qwen,7B,1337,82,8,98.5860,1,3e-06
Qwen,7B,1337,83,8,98.6061,1,3e-06
Qwen,7B,1337,84,8,98.6265,1,3e-06
Qwen,7B,1337,85,8,98.6285,1,3e-06
Qwen,7B,1337,86,8,98.6310,1,3e-06
Qwen,7B,1337,87,8,98.6155,1,3e-06
Qwen,7B,1337,88,8,98.6143,1,3e-06
Qwen,7B,1337,89,8,98.6184,1,3e-06
Qwen,7B,1337,90,8,98.6409,1,3e-06
Qwen,7B,1337,91,8,98.6516,1,3e-06
Qwen,7B,1337,92,8,98.6532,1,3e-06
Qwen,7B,1337,93,8,98.6620,1,3e-06
Qwen,7B,1337,94,8,98.6902,1,3e-06
Qwen,7B,1337,95,8,98.7132,1,3e-06
Qwen,7B,1337,96,8,98.6962,1,3e-06
Qwen,7B,1337,97,8,98.6912,1,3e-06
Qwen,7B,1337,98,8,98.6949,1,3e-06
Qwen,7B,1337,99,8,98.6931,1,3e-06
Qwen,7B,1337,100,8,98.7032,1,3e-06
Qwen,7B,1337,101,8,98.6950,1,3e-06
Qwen,7B,1337,102,8,98.6912,1,3e-06
Qwen,7B,1337,103,8,98.6851,1,3e-06
Qwen,7B,1337,104,8,98.6951,1,3e-06
Qwen,7B,1337,105,8,98.6910,1,3e-06
Qwen,7B,1337,106,8,98.6916,1,3e-06
Qwen,7B,1337,107,8,98.6913,1,3e-06
Qwen,7B,1337,108,8,98.6893,1,3e-06
Qwen,7B,1337,109,8,98.7011,1,3e-06
Qwen,7B,1337,110,8,98.7099,1,3e-06
Qwen,7B,1337,111,8,98.7153,1,3e-06
Qwen,7B,1337,112,8,98.7104,1,3e-06
Qwen,7B,1337,113,8,98.7045,1,3e-06
Qwen,7B,1337,114,8,98.7096,1,3e-06
Qwen,7B,1337,115,8,98.7069,1,3e-06
Qwen,7B,1337,116,8,98.6939,1,3e-06
Qwen,7B,1337,117,8,98.7053,1,3e-06
Qwen,7B,1337,118,8,98.7010,1,3e-06
Qwen,7B,1337,119,8,98.6927,1,3e-06
Qwen,7B,1337,120,8,98.6877,1,3e-06
Qwen,7B,1337,121,8,98.6804,1,3e-06
Qwen,7B,1337,122,8,98.6840,1,3e-06
Qwen,7B,1337,123,8,98.6803,1,3e-06
Qwen,7B,1337,124,8,98.6779,1,3e-06
Qwen,7B,1337,125,8,98.6897,1,3e-06
Qwen,7B,1337,126,8,98.6958,1,3e-06
Qwen,7B,1337,127,8,98.7074,1,3e-06
Qwen,7B,1337,128,8,98.6974,1,3e-06
Qwen,7B,1337,129,8,98.6594,1,3e-06
Qwen,7B,1337,130,8,98.6573,1,3e-06
Qwen,7B,1337,131,8,98.6557,1,3e-06
Qwen,7B,1337,132,8,98.6566,1,3e-06
Qwen,7B,1337,133,8,98.6576,1,3e-06
Qwen,7B,1337,134,8,98.6547,1,3e-06
Qwen,7B,1337,135,8,98.6370,1,3e-06
Qwen,7B,1337,136,8,98.6387,1,3e-06
Qwen,7B,1337,137,8,98.6511,1,3e-06
Qwen,7B,1337,138,8,98.6800,1,3e-06
Qwen,7B,1337,139,8,98.6925,1,3e-06
Qwen,7B,1337,140,8,98.7059,1,3e-06
Qwen,7B,1337,141,8,98.7191,1,3e-06
Qwen,7B,1337,142,8,98.7474,1,3e-06
Qwen,7B,1337,143,8,98.7672,1,3e-06
Qwen,7B,1337,144,8,98.7576,1,3e-06
Qwen,7B,1337,145,8,98.7530,1,3e-06
Qwen,7B,1337,146,8,98.7535,1,3e-06
Qwen,7B,1337,147,8,98.7402,1,3e-06
Qwen,7B,1337,148,8,98.7407,1,3e-06
Qwen,7B,1337,149,8,98.7376,1,3e-06
Qwen,7B,1337,150,8,98.7145,1,3e-06
Qwen,7B,1337,151,8,98.7105,1,3e-06
Qwen,7B,1337,152,8,98.7265,1,3e-06
Qwen,7B,1337,153,8,98.7331,1,3e-06
Qwen,7B,1337,154,8,98.7281,1,3e-06
Qwen,7B,1337,155,8,98.7270,1,3e-06
Qwen,7B,1337,156,8,98.7112,1,3e-06
Qwen,7B,1337,157,8,98.6873,1,3e-06
Qwen,7B,1337,158,8,98.6891,1,3e-06
Qwen,7B,1337,159,8,98.6935,1,3e-06
Qwen,7B,1337,160,8,98.6989,1,3e-06
Qwen,7B,1337,161,8,98.7157,1,3e-06
Qwen,7B,1337,162,8,98.7181,1,3e-06
Qwen,7B,1337,163,8,98.7341,1,3e-06
Qwen,7B,1337,164,8,98.7460,1,3e-06
Qwen,7B,1337,165,8,98.7670,1,3e-06
Qwen,7B,1337,166,8,98.7742,1,3e-06
Qwen,7B,1337,167,8,98.7683,1,3e-06
Qwen,7B,1337,168,8,98.7643,1,3e-06
Qwen,7B,1337,169,8,98.7787,1,3e-06
Qwen,7B,1337,170,8,98.7808,1,3e-06
Qwen,7B,1337,171,8,98.7708,1,3e-06
Qwen,7B,1337,172,8,98.7790,1,3e-06
Qwen,7B,1337,173,8,98.7715,1,3e-06
Qwen,7B,1337,174,8,98.7822,1,3e-06
Qwen,7B,1337,175,8,98.7911,1,3e-06
Qwen,7B,1337,176,8,98.8019,1,3e-06
Qwen,7B,1337,177,8,98.7966,1,3e-06
Qwen,7B,1337,178,8,98.7839,1,3e-06
Qwen,7B,1337,179,8,98.7621,1,3e-06
Qwen,7B,1337,180,8,98.7692,1,3e-06
Qwen,7B,1337,181,8,98.7667,1,3e-06
Qwen,7B,1337,182,8,98.7496,1,3e-06
Qwen,7B,1337,183,8,98.7315,1,3e-06
Qwen,7B,1337,184,8,98.7156,1,3e-06
Qwen,7B,1337,185,8,98.7002,1,3e-06
Qwen,7B,1337,186,8,98.6936,1,3e-06
Qwen,7B,1337,187,8,98.6834,1,3e-06
Qwen,7B,1337,188,8,98.6932,1,3e-06
Qwen,7B,1337,189,8,98.6589,1,3e-06
Qwen,7B,1337,190,8,98.6636,1,3e-06
Qwen,7B,1337,191,8,98.6721,1,3e-06
Qwen,7B,1337,192,8,98.6945,1,3e-06
Qwen,7B,1337,193,8,98.7230,1,3e-06
Qwen,7B,1337,194,8,98.7359,1,3e-06
Qwen,7B,1337,195,8,98.7228,1,3e-06
Qwen,7B,1337,196,8,98.7207,1,3e-06
Qwen,7B,1337,197,8,98.7120,1,3e-06
Qwen,7B,1337,198,8,98.7089,1,3e-06
Qwen,7B,1337,199,8,98.7069,1,3e-06
Qwen,7B,1337,200,8,98.7041,1,3e-06
Qwen,7B,1337,201,8,98.6956,1,3e-06
Qwen,7B,1337,202,8,98.6874,1,3e-06
Qwen,7B,1337,203,8,98.7087,1,3e-06
Qwen,7B,1337,204,8,98.7027,1,3e-06
Qwen,7B,1337,205,8,98.7215,1,3e-06
Qwen,7B,1337,206,8,98.7287,1,3e-06
Qwen,7B,1337,207,8,98.7292,1,3e-06
Qwen,7B,1337,208,8,98.7208,1,3e-06
Qwen,7B,1337,209,8,98.7178,1,3e-06
Qwen,7B,1337,210,8,98.7035,1,3e-06
Qwen,7B,1337,211,8,98.7177,1,3e-06
Qwen,7B,1337,212,8,98.7172,1,3e-06
Qwen,7B,1337,213,8,98.7078,1,3e-06
Qwen,7B,1337,214,8,98.7037,1,3e-06
Qwen,7B,1337,215,8,98.7119,1,3e-06
Qwen,7B,1337,216,8,98.7169,1,3e-06
Qwen,7B,1337,217,8,98.7284,1,3e-06
Qwen,7B,1337,218,8,98.7101,1,3e-06
Qwen,7B,1337,219,8,98.6957,1,3e-06
Qwen,7B,1337,220,8,98.6818,1,3e-06
Qwen,7B,1337,221,8,98.6697,1,3e-06
Qwen,7B,1337,222,8,98.6426,1,3e-06
Qwen,7B,1337,223,8,98.6430,1,3e-06
Qwen,7B,1337,224,8,98.6397,1,3e-06
Qwen,7B,1337,225,8,98.6556,1,3e-06
Qwen,7B,1337,226,8,98.6623,1,3e-06
Qwen,7B,1337,227,8,98.6561,1,3e-06
Qwen,7B,1337,228,8,98.6738,1,3e-06
Qwen,7B,1337,229,8,98.6847,1,3e-06
Qwen,7B,1337,230,8,98.6904,1,3e-06
Qwen,7B,1337,231,8,98.6965,1,3e-06
Qwen,7B,1337,232,8,98.6818,1,3e-06
Qwen,7B,1337,233,8,98.6743,1,3e-06
Qwen,7B,1337,234,8,98.6544,1,3e-06
Qwen,7B,1337,235,8,98.6376,1,3e-06
Qwen,7B,1337,236,8,98.6437,1,3e-06
Qwen,7B,1337,237,8,98.6413,1,3e-06
Qwen,7B,1337,238,8,98.6350,1,3e-06
Qwen,7B,1337,239,8,98.6221,1,3e-06
Qwen,7B,1337,240,8,98.6306,1,3e-06
Qwen,7B,1337,241,8,98.6384,1,3e-06
Qwen,7B,1337,242,8,98.6631,1,3e-06
Qwen,7B,1337,243,8,98.6751,1,3e-06
Qwen,7B,1337,244,8,98.6819,1,3e-06
Qwen,7B,1337,245,8,98.6824,1,3e-06
Qwen,7B,1337,246,8,98.6837,1,3e-06
Qwen,7B,1337,247,8,98.6834,1,3e-06
Qwen,7B,1337,248,8,98.6762,1,3e-06
Qwen,7B,1337,249,8,98.6628,1,3e-06
Qwen,7B,1337,250,8,98.6517,1,3e-06
Qwen,7B,1337,251,8,98.6643,1,3e-06
Qwen,7B,1337,252,8,98.6730,1,3e-06
Qwen,7B,1337,253,8,98.6931,1,3e-06
Qwen,7B,1337,254,8,98.6976,1,3e-06
Qwen,7B,1337,255,8,98.7039,1,3e-06
Qwen,7B,1337,256,8,98.6783,1,3e-06
Qwen,7B,1337,257,8,98.6638,1,3e-06
Qwen,7B,1337,258,8,98.6499,1,3e-06
Qwen,7B,1337,259,8,98.6393,1,3e-06
Qwen,7B,1337,260,8,98.6246,1,3e-06
Qwen,7B,1337,261,8,98.6089,1,3e-06
Qwen,7B,1337,262,8,98.6056,1,3e-06
Qwen,7B,1337,263,8,98.5971,1,3e-06
Qwen,7B,1337,264,8,98.5976,1,3e-06
Qwen,7B,1337,265,8,98.6244,1,3e-06
Qwen,7B,1337,266,8,98.6312,1,3e-06
Qwen,7B,1337,267,8,98.6319,1,3e-06
Qwen,7B,1337,268,8,98.6425,1,3e-06
Qwen,7B,1337,269,8,98.6514,1,3e-06
Qwen,7B,1337,270,8,98.6528,1,3e-06
Qwen,7B,1337,271,8,98.6687,1,3e-06
Qwen,7B,1337,272,8,98.6654,1,3e-06
Qwen,7B,1337,273,8,98.6486,1,3e-06
Qwen,7B,1337,274,8,98.6312,1,3e-06
Qwen,7B,1337,275,8,98.6065,1,3e-06
Qwen,7B,1337,276,8,98.6027,1,3e-06
Qwen,7B,1337,277,8,98.5786,1,3e-06
Qwen,7B,1337,278,8,98.5587,1,3e-06
Qwen,7B,1337,279,8,98.5468,1,3e-06
Qwen,7B,1337,280,8,98.5443,1,3e-06
Qwen,7B,1337,281,8,98.5406,1,3e-06
Qwen,7B,1337,282,8,98.5395,1,3e-06
Qwen,7B,1337,283,8,98.5567,1,3e-06
Qwen,7B,1337,284,8,98.5457,1,3e-06
Qwen,7B,1337,285,8,98.5378,1,3e-06
Qwen,7B,1337,286,8,98.5571,1,3e-06
Qwen,7B,1337,287,8,98.5744,1,3e-06
Qwen,7B,1337,288,8,98.5838,1,3e-06
Qwen,7B,1337,289,8,98.6074,1,3e-06
Qwen,7B,1337,290,8,98.6119,1,3e-06
Qwen,7B,1337,291,8,98.6168,1,3e-06
Qwen,7B,1337,292,8,98.6440,1,3e-06
Qwen,7B,1337,293,8,98.6315,1,3e-06
Qwen,7B,1337,294,8,98.6417,1,3e-06
Qwen,7B,1337,295,8,98.6635,1,3e-06
Qwen,7B,1337,296,8,98.6618,1,3e-06
Qwen,7B,1337,297,8,98.6673,1,3e-06
Qwen,7B,1337,298,8,98.6667,1,3e-06
Qwen,7B,1337,299,8,98.6855,1,3e-06
Qwen,7B,1337,300,8,98.6822,1,3e-06
Qwen,7B,1337,301,8,98.6778,1,3e-06
Qwen,7B,1337,302,8,98.6651,1,3e-06
Qwen,7B,1337,303,8,98.6582,1,3e-06
Qwen,7B,1337,304,8,98.6735,1,3e-06
Qwen,7B,1337,305,8,98.6697,1,3e-06
Qwen,7B,1337,306,8,98.6573,1,3e-06
Qwen,7B,1337,307,8,98.6405,1,3e-06
Qwen,7B,1337,308,8,98.6126,1,3e-06
Qwen,7B,1337,309,8,98.5869,1,3e-06
Qwen,7B,1337,310,8,98.5618,1,3e-06
Qwen,7B,1337,311,8,98.5421,1,3e-06
Qwen,7B,1337,312,8,98.5407,1,3e-06
Qwen,7B,1337,313,8,98.5205,1,3e-06
Qwen,7B,1337,314,8,98.4976,1,3e-06
Qwen,7B,1337,315,8,98.4918,1,3e-06
Qwen,7B,1337,316,8,98.4870,1,3e-06
Qwen,7B,1337,317,8,98.5014,1,3e-06
Qwen,7B,1337,318,8,98.4845,1,3e-06
Qwen,7B,1337,319,8,98.4419,1,3e-06
Qwen,7B,1337,320,8,98.4151,1,3e-06
Qwen,7B,1337,321,8,98.3984,1,3e-06
Qwen,7B,1337,322,8,98.4006,1,3e-06
Qwen,7B,1337,323,8,98.3537,1,3e-06
Qwen,7B,1337,324,8,98.3594,1,3e-06
Qwen,7B,1337,325,8,98.3814,1,3e-06
Qwen,7B,1337,326,8,98.3963,1,3e-06
Qwen,7B,1337,327,8,98.4085,1,3e-06
Qwen,7B,1337,328,8,98.4396,1,3e-06
Qwen,7B,1337,329,8,98.4602,1,3e-06
Qwen,7B,1337,330,8,98.4777,1,3e-06
Qwen,7B,1337,331,8,98.5231,1,3e-06
Qwen,7B,1337,332,8,98.5793,1,3e-06
Qwen,7B,1337,333,8,98.6240,1,3e-06
Qwen,7B,1337,334,8,98.6580,1,3e-06
Qwen,7B,1337,335,8,98.7081,1,3e-06
Qwen,7B,1337,336,8,98.7253,1,3e-06
Qwen,7B,1337,337,8,98.7457,1,3e-06
Qwen,7B,1337,338,8,98.7545,1,3e-06
Qwen,7B,1337,339,8,98.7492,1,3e-06
Qwen,7B,1337,340,8,98.7357,1,3e-06
Qwen,7B,1337,341,8,98.7228,1,3e-06
Qwen,7B,1337,342,8,98.7322,1,3e-06
Qwen,7B,1337,343,8,98.7348,1,3e-06
Qwen,7B,1337,344,8,98.7406,1,3e-06
Qwen,7B,1337,345,8,98.7215,1,3e-06
Qwen,7B,1337,346,8,98.7286,1,3e-06
Qwen,7B,1337,347,8,98.7382,1,3e-06
Qwen,7B,1337,348,8,98.7276,1,3e-06
Qwen,7B,1337,349,8,98.7128,1,3e-06
Qwen,7B,1337,350,8,98.6979,1,3e-06
Qwen,7B,1337,351,8,98.7085,1,3e-06
Qwen,7B,1337,352,8,98.7083,1,3e-06
Qwen,7B,1337,353,8,98.6929,1,3e-06
Qwen,7B,1337,354,8,98.7019,1,3e-06
Qwen,7B,1337,355,8,98.6926,1,3e-06
Qwen,7B,1337,356,8,98.6826,1,3e-06
Qwen,7B,1337,357,8,98.6849,1,3e-06
Qwen,7B,1337,358,8,98.6884,1,3e-06
Qwen,7B,1337,359,8,98.6891,1,3e-06
Qwen,7B,1337,360,8,98.6952,1,3e-06
Qwen,7B,1337,361,8,98.7022,1,3e-06
Qwen,7B,1337,362,8,98.7235,1,3e-06
Qwen,7B,1337,363,8,98.7210,1,3e-06
Qwen,7B,1337,364,8,98.7336,1,3e-06
Qwen,7B,1337,365,8,98.7574,1,3e-06
Qwen,7B,1337,366,8,98.7702,1,3e-06
Qwen,7B,1337,367,8,98.7765,1,3e-06
Qwen,7B,1337,368,8,98.7842,1,3e-06
Qwen,7B,1337,369,8,98.7687,1,3e-06
Qwen,7B,1337,370,8,98.7648,1,3e-06
Qwen,7B,1337,371,8,98.7517,1,3e-06
Qwen,7B,1337,372,8,98.7559,1,3e-06
Qwen,7B,1337,373,8,98.7476,1,3e-06
Qwen,7B,1337,374,8,98.7474,1,3e-06
Qwen,7B,1337,375,8,98.7289,1,3e-06
Qwen,7B,1337,376,8,98.7515,1,3e-06
Qwen,7B,1337,377,8,98.7254,1,3e-06
Qwen,7B,1337,378,8,98.7168,1,3e-06
Qwen,7B,1337,379,8,98.7215,1,3e-06
Qwen,7B,1337,380,8,98.7278,1,3e-06
Qwen,7B,1337,381,8,98.7357,1,3e-06
Qwen,7B,1337,382,8,98.7252,1,3e-06
Qwen,7B,1337,383,8,98.7198,1,3e-06
Qwen,7B,1337,384,8,98.7195,1,3e-06
Qwen,7B,1337,385,8,98.7389,1,3e-06
Qwen,7B,1337,386,8,98.7536,1,3e-06
Qwen,7B,1337,387,8,98.7562,1,3e-06
Qwen,7B,1337,388,8,98.7647,1,3e-06
Qwen,7B,1337,389,8,98.7532,1,3e-06
Qwen,7B,1337,390,8,98.7511,1,3e-06
Qwen,7B,1337,391,8,98.7293,1,3e-06
Qwen,7B,1337,0,16,98.1329,1,3e-06
Qwen,7B,1337,1,16,98.0875,1,3e-06
Qwen,7B,1337,2,16,98.0500,1,3e-06
Qwen,7B,1337,3,16,98.0088,1,3e-06
Qwen,7B,1337,4,16,97.9522,1,3e-06
Qwen,7B,1337,5,16,97.9223,1,3e-06
Qwen,7B,1337,6,16,97.9069,1,3e-06
Qwen,7B,1337,7,16,97.8949,1,3e-06
Qwen,7B,1337,8,16,97.8953,1,3e-06
Qwen,7B,1337,9,16,97.8956,1,3e-06
Qwen,7B,1337,10,16,97.9011,1,3e-06
Qwen,7B,1337,11,16,97.9056,1,3e-06
Qwen,7B,1337,12,16,97.9122,1,3e-06
Qwen,7B,1337,13,16,97.9160,1,3e-06
Qwen,7B,1337,14,16,97.9253,1,3e-06
Qwen,7B,1337,15,16,97.9377,1,3e-06
Qwen,7B,1337,16,16,97.9652,1,3e-06
Qwen,7B,1337,17,16,98.0022,1,3e-06
Qwen,7B,1337,18,16,98.0422,1,3e-06
Qwen,7B,1337,19,16,98.0810,1,3e-06
Qwen,7B,1337,20,16,98.1690,1,3e-06
Qwen,7B,1337,21,16,98.2197,1,3e-06
Qwen,7B,1337,22,16,98.2696,1,3e-06
Qwen,7B,1337,23,16,98.3026,1,3e-06
Qwen,7B,1337,24,16,98.3357,1,3e-06
Qwen,7B,1337,25,16,98.3555,1,3e-06
Qwen,7B,1337,26,16,98.3719,1,3e-06
Qwen,7B,1337,27,16,98.3848,1,3e-06
Qwen,7B,1337,28,16,98.3921,1,3e-06
Qwen,7B,1337,29,16,98.3850,1,3e-06
Qwen,7B,1337,30,16,98.3795,1,3e-06
Qwen,7B,1337,31,16,98.3717,1,3e-06
Qwen,7B,1337,32,16,98.3739,1,3e-06
Qwen,7B,1337,33,16,98.3767,1,3e-06
Qwen,7B,1337,34,16,98.3843,1,3e-06
Qwen,7B,1337,35,16,98.3866,1,3e-06
Qwen,7B,1337,36,16,98.3835,1,3e-06
Qwen,7B,1337,37,16,98.3769,1,3e-06
Qwen,7B,1337,38,16,98.3752,1,3e-06
Qwen,7B,1337,39,16,98.3781,1,3e-06
Qwen,7B,1337,40,16,98.3779,1,3e-06
Qwen,7B,1337,41,16,98.3828,1,3e-06
Qwen,7B,1337,42,16,98.3852,1,3e-06
Qwen,7B,1337,43,16,98.3886,1,3e-06
Qwen,7B,1337,44,16,98.3898,1,3e-06
Qwen,7B,1337,45,16,98.3925,1,3e-06
Qwen,7B,1337,46,16,98.3937,1,3e-06
Qwen,7B,1337,47,16,98.4046,1,3e-06
Qwen,7B,1337,48,16,98.4135,1,3e-06
Qwen,7B,1337,49,16,98.4209,1,3e-06
Qwen,7B,1337,50,16,98.4165,1,3e-06
Qwen,7B,1337,51,16,98.4266,1,3e-06
Qwen,7B,1337,52,16,98.4255,1,3e-06
Qwen,7B,1337,53,16,98.4347,1,3e-06
Qwen,7B,1337,54,16,98.4366,1,3e-06
Qwen,7B,1337,55,16,98.4498,1,3e-06
Qwen,7B,1337,56,16,98.4433,1,3e-06
Qwen,7B,1337,57,16,98.4414,1,3e-06
Qwen,7B,1337,58,16,98.4467,1,3e-06
Qwen,7B,1337,59,16,98.4475,1,3e-06
Qwen,7B,1337,60,16,98.4467,1,3e-06
Qwen,7B,1337,61,16,98.4462,1,3e-06
Qwen,7B,1337,62,16,98.4428,1,3e-06
Qwen,7B,1337,63,16,98.4377,1,3e-06
Qwen,7B,1337,64,16,98.4183,1,3e-06
Qwen,7B,1337,65,16,98.3861,1,3e-06
Qwen,7B,1337,66,16,98.3692,1,3e-06
Qwen,7B,1337,67,16,98.3556,1,3e-06
Qwen,7B,1337,68,16,98.3504,1,3e-06
Qwen,7B,1337,69,16,98.3515,1,3e-06
Qwen,7B,1337,70,16,98.3491,1,3e-06
Qwen,7B,1337,71,16,98.3432,1,3e-06
Qwen,7B,1337,72,16,98.3431,1,3e-06
Qwen,7B,1337,73,16,98.3442,1,3e-06
Qwen,7B,1337,74,16,98.3317,1,3e-06
Qwen,7B,1337,75,16,98.3345,1,3e-06
Qwen,7B,1337,76,16,98.3379,1,3e-06
Qwen,7B,1337,77,16,98.3331,1,3e-06
Qwen,7B,1337,78,16,98.3282,1,3e-06
Qwen,7B,1337,79,16,98.3159,1,3e-06
Qwen,7B,1337,80,16,98.3203,1,3e-06
Qwen,7B,1337,81,16,98.3253,1,3e-06
Qwen,7B,1337,82,16,98.3537,1,3e-06
Qwen,7B,1337,83,16,98.3699,1,3e-06
Qwen,7B,1337,84,16,98.3765,1,3e-06
Qwen,7B,1337,85,16,98.3844,1,3e-06
Qwen,7B,1337,86,16,98.3947,1,3e-06
Qwen,7B,1337,87,16,98.4065,1,3e-06
Qwen,7B,1337,88,16,98.3937,1,3e-06
Qwen,7B,1337,89,16,98.4012,1,3e-06
Qwen,7B,1337,90,16,98.4088,1,3e-06
Qwen,7B,1337,91,16,98.4115,1,3e-06
Qwen,7B,1337,92,16,98.4207,1,3e-06
Qwen,7B,1337,93,16,98.4222,1,3e-06
Qwen,7B,1337,94,16,98.4362,1,3e-06
Qwen,7B,1337,95,16,98.4408,1,3e-06
Qwen,7B,1337,96,16,98.4528,1,3e-06
Qwen,7B,1337,97,16,98.4478,1,3e-06
Qwen,7B,1337,98,16,98.4508,1,3e-06
Qwen,7B,1337,99,16,98.4489,1,3e-06
Qwen,7B,1337,100,16,98.4456,1,3e-06
Qwen,7B,1337,101,16,98.4502,1,3e-06
Qwen,7B,1337,102,16,98.4519,1,3e-06
Qwen,7B,1337,103,16,98.4539,1,3e-06
Qwen,7B,1337,104,16,98.4508,1,3e-06
Qwen,7B,1337,105,16,98.4478,1,3e-06
Qwen,7B,1337,106,16,98.4483,1,3e-06
Qwen,7B,1337,107,16,98.4490,1,3e-06
Qwen,7B,1337,108,16,98.4451,1,3e-06
Qwen,7B,1337,109,16,98.4555,1,3e-06
Qwen,7B,1337,110,16,98.4538,1,3e-06
Qwen,7B,1337,111,16,98.4502,1,3e-06
Qwen,7B,1337,112,16,98.4482,1,3e-06
Qwen,7B,1337,113,16,98.4458,1,3e-06
Qwen,7B,1337,114,16,98.4478,1,3e-06
Qwen,7B,1337,115,16,98.4439,1,3e-06
Qwen,7B,1337,116,16,98.4428,1,3e-06
Qwen,7B,1337,117,16,98.4455,1,3e-06
Qwen,7B,1337,118,16,98.4459,1,3e-06
Qwen,7B,1337,119,16,98.4514,1,3e-06
Qwen,7B,1337,120,16,98.4453,1,3e-06
Qwen,7B,1337,121,16,98.4196,1,3e-06
Qwen,7B,1337,122,16,98.4179,1,3e-06
Qwen,7B,1337,123,16,98.4160,1,3e-06
Qwen,7B,1337,124,16,98.4163,1,3e-06
Qwen,7B,1337,125,16,98.4182,1,3e-06
Qwen,7B,1337,126,16,98.4196,1,3e-06
Qwen,7B,1337,127,16,98.4072,1,3e-06
Qwen,7B,1337,128,16,98.4014,1,3e-06
Qwen,7B,1337,129,16,98.4038,1,3e-06
Qwen,7B,1337,130,16,98.4159,1,3e-06
Qwen,7B,1337,131,16,98.4247,1,3e-06
Qwen,7B,1337,132,16,98.4305,1,3e-06
Qwen,7B,1337,133,16,98.4383,1,3e-06
Qwen,7B,1337,134,16,98.4496,1,3e-06
Qwen,7B,1337,135,16,98.4544,1,3e-06
Qwen,7B,1337,136,16,98.4520,1,3e-06
Qwen,7B,1337,137,16,98.4604,1,3e-06
Qwen,7B,1337,138,16,98.4701,1,3e-06
Qwen,7B,1337,139,16,98.4686,1,3e-06
Qwen,7B,1337,140,16,98.4734,1,3e-06
Qwen,7B,1337,141,16,98.4782,1,3e-06
Qwen,7B,1337,142,16,98.4719,1,3e-06
Qwen,7B,1337,143,16,98.4770,1,3e-06
Qwen,7B,1337,144,16,98.4929,1,3e-06
Qwen,7B,1337,145,16,98.4998,1,3e-06
Qwen,7B,1337,146,16,98.4976,1,3e-06
Qwen,7B,1337,147,16,98.4962,1,3e-06
Qwen,7B,1337,148,16,98.4833,1,3e-06
Qwen,7B,1337,149,16,98.4617,1,3e-06
Qwen,7B,1337,150,16,98.4562,1,3e-06
Qwen,7B,1337,151,16,98.4615,1,3e-06
Qwen,7B,1337,152,16,98.4654,1,3e-06
Qwen,7B,1337,153,16,98.4748,1,3e-06
Qwen,7B,1337,154,16,98.4761,1,3e-06
Qwen,7B,1337,155,16,98.4792,1,3e-06
Qwen,7B,1337,156,16,98.4825,1,3e-06
Qwen,7B,1337,157,16,98.4925,1,3e-06
Qwen,7B,1337,158,16,98.4974,1,3e-06
Qwen,7B,1337,159,16,98.4925,1,3e-06
Qwen,7B,1337,160,16,98.4937,1,3e-06
Qwen,7B,1337,161,16,98.5033,1,3e-06
Qwen,7B,1337,162,16,98.5047,1,3e-06
Qwen,7B,1337,163,16,98.5058,1,3e-06
Qwen,7B,1337,164,16,98.5225,1,3e-06
Qwen,7B,1337,165,16,98.5281,1,3e-06
Qwen,7B,1337,166,16,98.5387,1,3e-06
Qwen,7B,1337,167,16,98.5459,1,3e-06
Qwen,7B,1337,168,16,98.5540,1,3e-06
Qwen,7B,1337,169,16,98.5517,1,3e-06
Qwen,7B,1337,170,16,98.5438,1,3e-06
Qwen,7B,1337,171,16,98.5314,1,3e-06
Qwen,7B,1337,172,16,98.5330,1,3e-06
Qwen,7B,1337,173,16,98.5300,1,3e-06
Qwen,7B,1337,174,16,98.5218,1,3e-06
Qwen,7B,1337,175,16,98.5156,1,3e-06
Qwen,7B,1337,176,16,98.5083,1,3e-06
Qwen,7B,1337,177,16,98.4950,1,3e-06
Qwen,7B,1337,178,16,98.4881,1,3e-06
Qwen,7B,1337,179,16,98.4783,1,3e-06
Qwen,7B,1337,180,16,98.4828,1,3e-06
Qwen,7B,1337,181,16,98.4542,1,3e-06
Qwen,7B,1337,182,16,98.4487,1,3e-06
Qwen,7B,1337,183,16,98.4425,1,3e-06
Qwen,7B,1337,184,16,98.4460,1,3e-06
Qwen,7B,1337,185,16,98.4573,1,3e-06
Qwen,7B,1337,186,16,98.4644,1,3e-06
Qwen,7B,1337,187,16,98.4574,1,3e-06
Qwen,7B,1337,188,16,98.4499,1,3e-06
Qwen,7B,1337,189,16,98.4401,1,3e-06
Qwen,7B,1337,190,16,98.4356,1,3e-06
Qwen,7B,1337,191,16,98.4414,1,3e-06
Qwen,7B,1337,192,16,98.4478,1,3e-06
Qwen,7B,1337,193,16,98.4503,1,3e-06
Qwen,7B,1337,194,16,98.4459,1,3e-06
Qwen,7B,1337,195,16,98.4599,1,3e-06
Qwen,7B,1337,196,16,98.4585,1,3e-06
Qwen,7B,1337,197,16,98.4705,1,3e-06
Qwen,7B,1337,198,16,98.4757,1,3e-06
Qwen,7B,1337,199,16,98.4756,1,3e-06
Qwen,7B,1337,200,16,98.4654,1,3e-06
Qwen,7B,1337,201,16,98.4548,1,3e-06
Qwen,7B,1337,202,16,98.4486,1,3e-06
Qwen,7B,1337,203,16,98.4550,1,3e-06
Qwen,7B,1337,204,16,98.4586,1,3e-06
Qwen,7B,1337,205,16,98.4604,1,3e-06
Qwen,7B,1337,206,16,98.4645,1,3e-06
Qwen,7B,1337,207,16,98.4687,1,3e-06
Qwen,7B,1337,208,16,98.4717,1,3e-06
Qwen,7B,1337,209,16,98.4773,1,3e-06
Qwen,7B,1337,210,16,98.4651,1,3e-06
Qwen,7B,1337,211,16,98.4568,1,3e-06
Qwen,7B,1337,212,16,98.4429,1,3e-06
Qwen,7B,1337,213,16,98.4331,1,3e-06
Qwen,7B,1337,214,16,98.4160,1,3e-06
Qwen,7B,1337,215,16,98.4148,1,3e-06
Qwen,7B,1337,216,16,98.4138,1,3e-06
Qwen,7B,1337,217,16,98.4263,1,3e-06
Qwen,7B,1337,218,16,98.4292,1,3e-06
Qwen,7B,1337,219,16,98.4202,1,3e-06
Qwen,7B,1337,220,16,98.4245,1,3e-06
Qwen,7B,1337,221,16,98.4242,1,3e-06
Qwen,7B,1337,222,16,98.4183,1,3e-06
Qwen,7B,1337,223,16,98.4180,1,3e-06
Qwen,7B,1337,224,16,98.4071,1,3e-06
Qwen,7B,1337,225,16,98.3998,1,3e-06
Qwen,7B,1337,226,16,98.3876,1,3e-06
Qwen,7B,1337,227,16,98.3816,1,3e-06
Qwen,7B,1337,228,16,98.3932,1,3e-06
Qwen,7B,1337,229,16,98.3972,1,3e-06
Qwen,7B,1337,230,16,98.4003,1,3e-06
Qwen,7B,1337,231,16,98.3956,1,3e-06
Qwen,7B,1337,232,16,98.3975,1,3e-06
Qwen,7B,1337,233,16,98.3972,1,3e-06
Qwen,7B,1337,234,16,98.4047,1,3e-06
Qwen,7B,1337,235,16,98.4078,1,3e-06
Qwen,7B,1337,236,16,98.4077,1,3e-06
Qwen,7B,1337,237,16,98.4030,1,3e-06
Qwen,7B,1337,238,16,98.4010,1,3e-06
Qwen,7B,1337,239,16,98.3966,1,3e-06
Qwen,7B,1337,240,16,98.3938,1,3e-06
Qwen,7B,1337,241,16,98.3912,1,3e-06
Qwen,7B,1337,242,16,98.3932,1,3e-06
Qwen,7B,1337,243,16,98.4061,1,3e-06
Qwen,7B,1337,244,16,98.4150,1,3e-06
Qwen,7B,1337,245,16,98.4301,1,3e-06
Qwen,7B,1337,246,16,98.4340,1,3e-06
Qwen,7B,1337,247,16,98.4406,1,3e-06
Qwen,7B,1337,248,16,98.4242,1,3e-06
Qwen,7B,1337,249,16,98.4113,1,3e-06
Qwen,7B,1337,250,16,98.3997,1,3e-06
Qwen,7B,1337,251,16,98.3897,1,3e-06
Qwen,7B,1337,252,16,98.3826,1,3e-06
Qwen,7B,1337,253,16,98.3764,1,3e-06
Qwen,7B,1337,254,16,98.3780,1,3e-06
Qwen,7B,1337,255,16,98.3743,1,3e-06
Qwen,7B,1337,256,16,98.3726,1,3e-06
Qwen,7B,1337,257,16,98.3857,1,3e-06
Qwen,7B,1337,258,16,98.3853,1,3e-06
Qwen,7B,1337,259,16,98.3828,1,3e-06
Qwen,7B,1337,260,16,98.3798,1,3e-06
Qwen,7B,1337,261,16,98.3786,1,3e-06
Qwen,7B,1337,262,16,98.3706,1,3e-06
Qwen,7B,1337,263,16,98.3759,1,3e-06
Qwen,7B,1337,264,16,98.3764,1,3e-06
Qwen,7B,1337,265,16,98.3724,1,3e-06
Qwen,7B,1337,266,16,98.3670,1,3e-06
Qwen,7B,1337,267,16,98.3515,1,3e-06
Qwen,7B,1337,268,16,98.3527,1,3e-06
Qwen,7B,1337,269,16,98.3350,1,3e-06
Qwen,7B,1337,270,16,98.3271,1,3e-06
Qwen,7B,1337,271,16,98.3232,1,3e-06
Qwen,7B,1337,272,16,98.3195,1,3e-06
Qwen,7B,1337,273,16,98.3139,1,3e-06
Qwen,7B,1337,274,16,98.3073,1,3e-06
Qwen,7B,1337,275,16,98.3119,1,3e-06
Qwen,7B,1337,276,16,98.2975,1,3e-06
Qwen,7B,1337,277,16,98.2854,1,3e-06
Qwen,7B,1337,278,16,98.2859,1,3e-06
Qwen,7B,1337,279,16,98.2860,1,3e-06
Qwen,7B,1337,280,16,98.2899,1,3e-06
Qwen,7B,1337,281,16,98.2981,1,3e-06
Qwen,7B,1337,282,16,98.3040,1,3e-06
Qwen,7B,1337,283,16,98.3102,1,3e-06
Qwen,7B,1337,284,16,98.3267,1,3e-06
Qwen,7B,1337,285,16,98.3262,1,3e-06
Qwen,7B,1337,286,16,98.3409,1,3e-06
Qwen,7B,1337,287,16,98.3554,1,3e-06
Qwen,7B,1337,288,16,98.3596,1,3e-06
Qwen,7B,1337,289,16,98.3693,1,3e-06
Qwen,7B,1337,290,16,98.3718,1,3e-06
Qwen,7B,1337,291,16,98.3838,1,3e-06
Qwen,7B,1337,292,16,98.3867,1,3e-06
Qwen,7B,1337,293,16,98.3905,1,3e-06
Qwen,7B,1337,294,16,98.3915,1,3e-06
Qwen,7B,1337,295,16,98.3981,1,3e-06
Qwen,7B,1337,296,16,98.4089,1,3e-06
Qwen,7B,1337,297,16,98.4092,1,3e-06
Qwen,7B,1337,298,16,98.4037,1,3e-06
Qwen,7B,1337,299,16,98.3970,1,3e-06
Qwen,7B,1337,300,16,98.3770,1,3e-06
Qwen,7B,1337,301,16,98.3566,1,3e-06
Qwen,7B,1337,302,16,98.3358,1,3e-06
Qwen,7B,1337,303,16,98.3217,1,3e-06
Qwen,7B,1337,304,16,98.3223,1,3e-06
Qwen,7B,1337,305,16,98.3053,1,3e-06
Qwen,7B,1337,306,16,98.2876,1,3e-06
Qwen,7B,1337,307,16,98.2798,1,3e-06
Qwen,7B,1337,308,16,98.2657,1,3e-06
Qwen,7B,1337,309,16,98.2625,1,3e-06
Qwen,7B,1337,310,16,98.2361,1,3e-06
Qwen,7B,1337,311,16,98.1997,1,3e-06
Qwen,7B,1337,312,16,98.1727,1,3e-06
Qwen,7B,1337,313,16,98.1534,1,3e-06
Qwen,7B,1337,314,16,98.1441,1,3e-06
Qwen,7B,1337,315,16,98.0993,1,3e-06
Qwen,7B,1337,316,16,98.1016,1,3e-06
Qwen,7B,1337,317,16,98.1092,1,3e-06
Qwen,7B,1337,318,16,98.1166,1,3e-06
Qwen,7B,1337,319,16,98.1186,1,3e-06
Qwen,7B,1337,320,16,98.1284,1,3e-06
Qwen,7B,1337,321,16,98.1367,1,3e-06
Qwen,7B,1337,322,16,98.1491,1,3e-06
Qwen,7B,1337,323,16,98.1682,1,3e-06
Qwen,7B,1337,324,16,98.1882,1,3e-06
Qwen,7B,1337,325,16,98.2188,1,3e-06
Qwen,7B,1337,326,16,98.2357,1,3e-06
Qwen,7B,1337,327,16,98.2578,1,3e-06
Qwen,7B,1337,328,16,98.2769,1,3e-06
Qwen,7B,1337,329,16,98.2981,1,3e-06
Qwen,7B,1337,330,16,98.3130,1,3e-06
Qwen,7B,1337,331,16,98.3434,1,3e-06
Qwen,7B,1337,332,16,98.3725,1,3e-06
Qwen,7B,1337,333,16,98.3885,1,3e-06
Qwen,7B,1337,334,16,98.4263,1,3e-06
Qwen,7B,1337,335,16,98.4625,1,3e-06
Qwen,7B,1337,336,16,98.4788,1,3e-06
Qwen,7B,1337,337,16,98.4808,1,3e-06
Qwen,7B,1337,338,16,98.4910,1,3e-06
Qwen,7B,1337,339,16,98.5013,1,3e-06
Qwen,7B,1337,340,16,98.4918,1,3e-06
Qwen,7B,1337,341,16,98.4788,1,3e-06
Qwen,7B,1337,342,16,98.4663,1,3e-06
Qwen,7B,1337,343,16,98.4689,1,3e-06
Qwen,7B,1337,344,16,98.4689,1,3e-06
Qwen,7B,1337,345,16,98.4544,1,3e-06
Qwen,7B,1337,346,16,98.4613,1,3e-06
Qwen,7B,1337,347,16,98.4532,1,3e-06
Qwen,7B,1337,348,16,98.4439,1,3e-06
Qwen,7B,1337,349,16,98.4444,1,3e-06
Qwen,7B,1337,350,16,98.4432,1,3e-06
Qwen,7B,1337,351,16,98.4456,1,3e-06
Qwen,7B,1337,352,16,98.4480,1,3e-06
Qwen,7B,1337,353,16,98.4536,1,3e-06
Qwen,7B,1337,354,16,98.4597,1,3e-06
Qwen,7B,1337,355,16,98.4588,1,3e-06
Qwen,7B,1337,356,16,98.4681,1,3e-06
Qwen,7B,1337,357,16,98.4809,1,3e-06
Qwen,7B,1337,358,16,98.4814,1,3e-06
Qwen,7B,1337,359,16,98.4831,1,3e-06
Qwen,7B,1337,360,16,98.4916,1,3e-06
Qwen,7B,1337,361,16,98.4882,1,3e-06
Qwen,7B,1337,362,16,98.4935,1,3e-06
Qwen,7B,1337,363,16,98.4882,1,3e-06
Qwen,7B,1337,364,16,98.4961,1,3e-06
Qwen,7B,1337,365,16,98.5042,1,3e-06
Qwen,7B,1337,366,16,98.5168,1,3e-06
Qwen,7B,1337,367,16,98.5091,1,3e-06
Qwen,7B,1337,368,16,98.5193,1,3e-06
Qwen,7B,1337,369,16,98.5023,1,3e-06
Qwen,7B,1337,370,16,98.4948,1,3e-06
Qwen,7B,1337,371,16,98.4954,1,3e-06
Qwen,7B,1337,372,16,98.4952,1,3e-06
Qwen,7B,1337,373,16,98.4926,1,3e-06
Qwen,7B,1337,374,16,98.4844,1,3e-06
Qwen,7B,1337,375,16,98.4808,1,3e-06
Qwen,7B,1337,376,16,98.4818,1,3e-06
Qwen,7B,1337,377,16,98.4903,1,3e-06
Qwen,7B,1337,378,16,98.4947,1,3e-06
Qwen,7B,1337,379,16,98.4991,1,3e-06
Qwen,7B,1337,380,16,98.5058,1,3e-06
Qwen,7B,1337,381,16,98.5009,1,3e-06
Qwen,7B,1337,382,16,98.4981,1,3e-06
Qwen,7B,1337,383,16,98.4839,1,3e-06
Qwen,7B,1337,0,32,97.7859,1,3e-06
Qwen,7B,1337,1,32,97.7761,1,3e-06
Qwen,7B,1337,2,32,97.7631,1,3e-06
Qwen,7B,1337,3,32,97.7546,1,3e-06
Qwen,7B,1337,4,32,97.7454,1,3e-06
Qwen,7B,1337,5,32,97.7382,1,3e-06
Qwen,7B,1337,6,32,97.7320,1,3e-06
Qwen,7B,1337,7,32,97.7236,1,3e-06
Qwen,7B,1337,8,32,97.7263,1,3e-06
Qwen,7B,1337,9,32,97.7290,1,3e-06
Qwen,7B,1337,10,32,97.7316,1,3e-06
Qwen,7B,1337,11,32,97.7327,1,3e-06
Qwen,7B,1337,12,32,97.7354,1,3e-06
Qwen,7B,1337,13,32,97.7322,1,3e-06
Qwen,7B,1337,14,32,97.7323,1,3e-06
Qwen,7B,1337,15,32,97.7371,1,3e-06
Qwen,7B,1337,16,32,97.7598,1,3e-06
Qwen,7B,1337,17,32,97.7918,1,3e-06
Qwen,7B,1337,18,32,97.8304,1,3e-06
Qwen,7B,1337,19,32,97.8601,1,3e-06
Qwen,7B,1337,20,32,97.9302,1,3e-06
Qwen,7B,1337,21,32,97.9673,1,3e-06
Qwen,7B,1337,22,32,98.0034,1,3e-06
Qwen,7B,1337,23,32,98.0342,1,3e-06
Qwen,7B,1337,24,32,98.0609,1,3e-06
Qwen,7B,1337,25,32,98.0793,1,3e-06
Qwen,7B,1337,26,32,98.0938,1,3e-06
Qwen,7B,1337,27,32,98.1067,1,3e-06
Qwen,7B,1337,28,32,98.1169,1,3e-06
Qwen,7B,1337,29,32,98.1222,1,3e-06
Qwen,7B,1337,30,32,98.1225,1,3e-06
Qwen,7B,1337,31,32,98.1283,1,3e-06
Qwen,7B,1337,32,32,98.1316,1,3e-06
Qwen,7B,1337,33,32,98.1327,1,3e-06
Qwen,7B,1337,34,32,98.1334,1,3e-06
Qwen,7B,1337,35,32,98.1385,1,3e-06
Qwen,7B,1337,36,32,98.1350,1,3e-06
Qwen,7B,1337,37,32,98.1343,1,3e-06
Qwen,7B,1337,38,32,98.1282,1,3e-06
Qwen,7B,1337,39,32,98.1324,1,3e-06
Qwen,7B,1337,40,32,98.1255,1,3e-06
Qwen,7B,1337,41,32,98.1243,1,3e-06
Qwen,7B,1337,42,32,98.1251,1,3e-06
Qwen,7B,1337,43,32,98.1243,1,3e-06
Qwen,7B,1337,44,32,98.1218,1,3e-06
Qwen,7B,1337,45,32,98.1224,1,3e-06
Qwen,7B,1337,46,32,98.1237,1,3e-06
Qwen,7B,1337,47,32,98.1246,1,3e-06
Qwen,7B,1337,48,32,98.1188,1,3e-06
Qwen,7B,1337,49,32,98.1028,1,3e-06
Qwen,7B,1337,50,32,98.0920,1,3e-06
Qwen,7B,1337,51,32,98.0867,1,3e-06
Qwen,7B,1337,52,32,98.0857,1,3e-06
Qwen,7B,1337,53,32,98.0918,1,3e-06
Qwen,7B,1337,54,32,98.0972,1,3e-06
Qwen,7B,1337,55,32,98.0980,1,3e-06
Qwen,7B,1337,56,32,98.1012,1,3e-06
Qwen,7B,1337,57,32,98.1039,1,3e-06
Qwen,7B,1337,58,32,98.0973,1,3e-06
Qwen,7B,1337,59,32,98.0982,1,3e-06
Qwen,7B,1337,60,32,98.1010,1,3e-06
Qwen,7B,1337,61,32,98.0987,1,3e-06
Qwen,7B,1337,62,32,98.0970,1,3e-06
Qwen,7B,1337,63,32,98.0888,1,3e-06
Qwen,7B,1337,64,32,98.0859,1,3e-06
Qwen,7B,1337,65,32,98.0812,1,3e-06
Qwen,7B,1337,66,32,98.0846,1,3e-06
Qwen,7B,1337,67,32,98.0850,1,3e-06
Qwen,7B,1337,68,32,98.0841,1,3e-06
Qwen,7B,1337,69,32,98.0853,1,3e-06
Qwen,7B,1337,70,32,98.0869,1,3e-06
Qwen,7B,1337,71,32,98.0894,1,3e-06
Qwen,7B,1337,72,32,98.0816,1,3e-06
Qwen,7B,1337,73,32,98.0803,1,3e-06
Qwen,7B,1337,74,32,98.0813,1,3e-06
Qwen,7B,1337,75,32,98.0809,1,3e-06
Qwen,7B,1337,76,32,98.0826,1,3e-06
Qwen,7B,1337,77,32,98.0803,1,3e-06
Qwen,7B,1337,78,32,98.0801,1,3e-06
Qwen,7B,1337,79,32,98.0777,1,3e-06
Qwen,7B,1337,80,32,98.0843,1,3e-06
Qwen,7B,1337,81,32,98.0900,1,3e-06
Qwen,7B,1337,82,32,98.1055,1,3e-06
Qwen,7B,1337,83,32,98.1135,1,3e-06
Qwen,7B,1337,84,32,98.1186,1,3e-06
Qwen,7B,1337,85,32,98.1268,1,3e-06
Qwen,7B,1337,86,32,98.1343,1,3e-06
Qwen,7B,1337,87,32,98.1406,1,3e-06
Qwen,7B,1337,88,32,98.1402,1,3e-06
Qwen,7B,1337,89,32,98.1432,1,3e-06
Qwen,7B,1337,90,32,98.1492,1,3e-06
Qwen,7B,1337,91,32,98.1514,1,3e-06
Qwen,7B,1337,92,32,98.1504,1,3e-06
Qwen,7B,1337,93,32,98.1584,1,3e-06
Qwen,7B,1337,94,32,98.1655,1,3e-06
Qwen,7B,1337,95,32,98.1688,1,3e-06
Qwen,7B,1337,96,32,98.1712,1,3e-06
Qwen,7B,1337,97,32,98.1691,1,3e-06
Qwen,7B,1337,98,32,98.1702,1,3e-06
Qwen,7B,1337,99,32,98.1675,1,3e-06
Qwen,7B,1337,100,32,98.1678,1,3e-06
Qwen,7B,1337,101,32,98.1698,1,3e-06
Qwen,7B,1337,102,32,98.1688,1,3e-06
Qwen,7B,1337,103,32,98.1712,1,3e-06
Qwen,7B,1337,104,32,98.1692,1,3e-06
Qwen,7B,1337,105,32,98.1565,1,3e-06
Qwen,7B,1337,106,32,98.1540,1,3e-06
Qwen,7B,1337,107,32,98.1535,1,3e-06
Qwen,7B,1337,108,32,98.1545,1,3e-06
Qwen,7B,1337,109,32,98.1555,1,3e-06
Qwen,7B,1337,110,32,98.1549,1,3e-06
Qwen,7B,1337,111,32,98.1476,1,3e-06
Qwen,7B,1337,112,32,98.1441,1,3e-06
Qwen,7B,1337,113,32,98.1453,1,3e-06
Qwen,7B,1337,114,32,98.1519,1,3e-06
Qwen,7B,1337,115,32,98.1556,1,3e-06
Qwen,7B,1337,116,32,98.1581,1,3e-06
Qwen,7B,1337,117,32,98.1611,1,3e-06
Qwen,7B,1337,118,32,98.1674,1,3e-06
Qwen,7B,1337,119,32,98.1700,1,3e-06
Qwen,7B,1337,120,32,98.1655,1,3e-06
Qwen,7B,1337,121,32,98.1662,1,3e-06
Qwen,7B,1337,122,32,98.1680,1,3e-06
Qwen,7B,1337,123,32,98.1670,1,3e-06
Qwen,7B,1337,124,32,98.1682,1,3e-06
Qwen,7B,1337,125,32,98.1712,1,3e-06
Qwen,7B,1337,126,32,98.1669,1,3e-06
Qwen,7B,1337,127,32,98.1653,1,3e-06
Qwen,7B,1337,128,32,98.1702,1,3e-06
Qwen,7B,1337,129,32,98.1756,1,3e-06
Qwen,7B,1337,130,32,98.1767,1,3e-06
Qwen,7B,1337,131,32,98.1801,1,3e-06
Qwen,7B,1337,132,32,98.1742,1,3e-06
Qwen,7B,1337,133,32,98.1654,1,3e-06
Qwen,7B,1337,134,32,98.1647,1,3e-06
Qwen,7B,1337,135,32,98.1676,1,3e-06
Qwen,7B,1337,136,32,98.1730,1,3e-06
Qwen,7B,1337,137,32,98.1855,1,3e-06
Qwen,7B,1337,138,32,98.1929,1,3e-06
Qwen,7B,1337,139,32,98.1983,1,3e-06
Qwen,7B,1337,140,32,98.2017,1,3e-06
Qwen,7B,1337,141,32,98.2080,1,3e-06
Qwen,7B,1337,142,32,98.2123,1,3e-06
Qwen,7B,1337,143,32,98.2169,1,3e-06
Qwen,7B,1337,144,32,98.2227,1,3e-06
Qwen,7B,1337,145,32,98.2306,1,3e-06
Qwen,7B,1337,146,32,98.2318,1,3e-06
Qwen,7B,1337,147,32,98.2285,1,3e-06
Qwen,7B,1337,148,32,98.2342,1,3e-06
Qwen,7B,1337,149,32,98.2322,1,3e-06
Qwen,7B,1337,150,32,98.2333,1,3e-06
Qwen,7B,1337,151,32,98.2364,1,3e-06
Qwen,7B,1337,152,32,98.2425,1,3e-06
Qwen,7B,1337,153,32,98.2420,1,3e-06
Qwen,7B,1337,154,32,98.2380,1,3e-06
Qwen,7B,1337,155,32,98.2314,1,3e-06
Qwen,7B,1337,156,32,98.2363,1,3e-06
Qwen,7B,1337,157,32,98.2374,1,3e-06
Qwen,7B,1337,158,32,98.2349,1,3e-06
Qwen,7B,1337,159,32,98.2314,1,3e-06
Qwen,7B,1337,160,32,98.2291,1,3e-06
Qwen,7B,1337,161,32,98.2224,1,3e-06
Qwen,7B,1337,162,32,98.2185,1,3e-06
Qwen,7B,1337,163,32,98.2159,1,3e-06
Qwen,7B,1337,164,32,98.2234,1,3e-06
Qwen,7B,1337,165,32,98.2100,1,3e-06
Qwen,7B,1337,166,32,98.2110,1,3e-06
Qwen,7B,1337,167,32,98.2113,1,3e-06
Qwen,7B,1337,168,32,98.2160,1,3e-06
Qwen,7B,1337,169,32,98.2225,1,3e-06
Qwen,7B,1337,170,32,98.2260,1,3e-06
Qwen,7B,1337,171,32,98.2207,1,3e-06
Qwen,7B,1337,172,32,98.2140,1,3e-06
Qwen,7B,1337,173,32,98.2050,1,3e-06
Qwen,7B,1337,174,32,98.1984,1,3e-06
Qwen,7B,1337,175,32,98.1980,1,3e-06
Qwen,7B,1337,176,32,98.1980,1,3e-06
Qwen,7B,1337,177,32,98.1950,1,3e-06
Qwen,7B,1337,178,32,98.1903,1,3e-06
Qwen,7B,1337,179,32,98.1963,1,3e-06
Qwen,7B,1337,180,32,98.1913,1,3e-06
Qwen,7B,1337,181,32,98.1927,1,3e-06
Qwen,7B,1337,182,32,98.1887,1,3e-06
Qwen,7B,1337,183,32,98.1849,1,3e-06
Qwen,7B,1337,184,32,98.1774,1,3e-06
Qwen,7B,1337,185,32,98.1720,1,3e-06
Qwen,7B,1337,186,32,98.1685,1,3e-06
Qwen,7B,1337,187,32,98.1726,1,3e-06
Qwen,7B,1337,188,32,98.1729,1,3e-06
Qwen,7B,1337,189,32,98.1700,1,3e-06
Qwen,7B,1337,190,32,98.1697,1,3e-06
Qwen,7B,1337,191,32,98.1741,1,3e-06
Qwen,7B,1337,192,32,98.1771,1,3e-06
Qwen,7B,1337,193,32,98.1805,1,3e-06
Qwen,7B,1337,194,32,98.1756,1,3e-06
Qwen,7B,1337,195,32,98.1717,1,3e-06
Qwen,7B,1337,196,32,98.1659,1,3e-06
Qwen,7B,1337,197,32,98.1652,1,3e-06
Qwen,7B,1337,198,32,98.1590,1,3e-06
Qwen,7B,1337,199,32,98.1587,1,3e-06
Qwen,7B,1337,200,32,98.1553,1,3e-06
Qwen,7B,1337,201,32,98.1573,1,3e-06
Qwen,7B,1337,202,32,98.1579,1,3e-06
Qwen,7B,1337,203,32,98.1528,1,3e-06
Qwen,7B,1337,204,32,98.1547,1,3e-06
Qwen,7B,1337,205,32,98.1577,1,3e-06
Qwen,7B,1337,206,32,98.1590,1,3e-06
Qwen,7B,1337,207,32,98.1583,1,3e-06
Qwen,7B,1337,208,32,98.1526,1,3e-06
Qwen,7B,1337,209,32,98.1488,1,3e-06
Qwen,7B,1337,210,32,98.1398,1,3e-06
Qwen,7B,1337,211,32,98.1325,1,3e-06
Qwen,7B,1337,212,32,98.1331,1,3e-06
Qwen,7B,1337,213,32,98.1298,1,3e-06
Qwen,7B,1337,214,32,98.1256,1,3e-06
Qwen,7B,1337,215,32,98.1190,1,3e-06
Qwen,7B,1337,216,32,98.1193,1,3e-06
Qwen,7B,1337,217,32,98.1197,1,3e-06
Qwen,7B,1337,218,32,98.1241,1,3e-06
Qwen,7B,1337,219,32,98.1254,1,3e-06
Qwen,7B,1337,220,32,98.1262,1,3e-06
Qwen,7B,1337,221,32,98.1228,1,3e-06
Qwen,7B,1337,222,32,98.1202,1,3e-06
Qwen,7B,1337,223,32,98.1177,1,3e-06
Qwen,7B,1337,224,32,98.1127,1,3e-06
Qwen,7B,1337,225,32,98.1070,1,3e-06
Qwen,7B,1337,226,32,98.1037,1,3e-06
Qwen,7B,1337,227,32,98.1100,1,3e-06
Qwen,7B,1337,228,32,98.1174,1,3e-06
Qwen,7B,1337,229,32,98.1263,1,3e-06
Qwen,7B,1337,230,32,98.1317,1,3e-06
Qwen,7B,1337,231,32,98.1353,1,3e-06
Qwen,7B,1337,232,32,98.1254,1,3e-06
Qwen,7B,1337,233,32,98.1171,1,3e-06
Qwen,7B,1337,234,32,98.1103,1,3e-06
Qwen,7B,1337,235,32,98.1049,1,3e-06
Qwen,7B,1337,236,32,98.0995,1,3e-06
Qwen,7B,1337,237,32,98.0941,1,3e-06
Qwen,7B,1337,238,32,98.0937,1,3e-06
Qwen,7B,1337,239,32,98.0901,1,3e-06
Qwen,7B,1337,240,32,98.0894,1,3e-06
Qwen,7B,1337,241,32,98.0976,1,3e-06
Qwen,7B,1337,242,32,98.1006,1,3e-06
Qwen,7B,1337,243,32,98.1009,1,3e-06
Qwen,7B,1337,244,32,98.1030,1,3e-06
Qwen,7B,1337,245,32,98.1064,1,3e-06
Qwen,7B,1337,246,32,98.1055,1,3e-06
Qwen,7B,1337,247,32,98.1125,1,3e-06
Qwen,7B,1337,248,32,98.1120,1,3e-06
Qwen,7B,1337,249,32,98.1057,1,3e-06
Qwen,7B,1337,250,32,98.0967,1,3e-06
Qwen,7B,1337,251,32,98.0827,1,3e-06
Qwen,7B,1337,252,32,98.0788,1,3e-06
Qwen,7B,1337,253,32,98.0653,1,3e-06
Qwen,7B,1337,254,32,98.0570,1,3e-06
Qwen,7B,1337,255,32,98.0530,1,3e-06
Qwen,7B,1337,256,32,98.0497,1,3e-06
Qwen,7B,1337,257,32,98.0480,1,3e-06
Qwen,7B,1337,258,32,98.0450,1,3e-06
Qwen,7B,1337,259,32,98.0460,1,3e-06
Qwen,7B,1337,260,32,98.0340,1,3e-06
Qwen,7B,1337,261,32,98.0207,1,3e-06
Qwen,7B,1337,262,32,98.0179,1,3e-06
Qwen,7B,1337,263,32,98.0172,1,3e-06
Qwen,7B,1337,264,32,98.0188,1,3e-06
Qwen,7B,1337,265,32,98.0260,1,3e-06
Qwen,7B,1337,266,32,98.0300,1,3e-06
Qwen,7B,1337,267,32,98.0307,1,3e-06
Qwen,7B,1337,268,32,98.0388,1,3e-06
Qwen,7B,1337,269,32,98.0355,1,3e-06
Qwen,7B,1337,270,32,98.0401,1,3e-06
Qwen,7B,1337,271,32,98.0450,1,3e-06
Qwen,7B,1337,272,32,98.0463,1,3e-06
Qwen,7B,1337,273,32,98.0467,1,3e-06
Qwen,7B,1337,274,32,98.0462,1,3e-06
Qwen,7B,1337,275,32,98.0513,1,3e-06
Qwen,7B,1337,276,32,98.0495,1,3e-06
Qwen,7B,1337,277,32,98.0493,1,3e-06
Qwen,7B,1337,278,32,98.0468,1,3e-06
Qwen,7B,1337,279,32,98.0439,1,3e-06
Qwen,7B,1337,280,32,98.0497,1,3e-06
Qwen,7B,1337,281,32,98.0497,1,3e-06
Qwen,7B,1337,282,32,98.0494,1,3e-06
Qwen,7B,1337,283,32,98.0491,1,3e-06
Qwen,7B,1337,284,32,98.0404,1,3e-06
Qwen,7B,1337,285,32,98.0336,1,3e-06
Qwen,7B,1337,286,32,98.0298,1,3e-06
Qwen,7B,1337,287,32,98.0275,1,3e-06
Qwen,7B,1337,288,32,98.0310,1,3e-06
Qwen,7B,1337,289,32,98.0253,1,3e-06
Qwen,7B,1337,290,32,98.0166,1,3e-06
Qwen,7B,1337,291,32,98.0148,1,3e-06
Qwen,7B,1337,292,32,98.0107,1,3e-06
Qwen,7B,1337,293,32,98.0127,1,3e-06
Qwen,7B,1337,294,32,97.9979,1,3e-06
Qwen,7B,1337,295,32,97.9768,1,3e-06
Qwen,7B,1337,296,32,97.9580,1,3e-06
Qwen,7B,1337,297,32,97.9423,1,3e-06
Qwen,7B,1337,298,32,97.9350,1,3e-06
Qwen,7B,1337,299,32,97.8973,1,3e-06
Qwen,7B,1337,300,32,97.8920,1,3e-06
Qwen,7B,1337,301,32,97.8901,1,3e-06
Qwen,7B,1337,302,32,97.8863,1,3e-06
Qwen,7B,1337,303,32,97.8825,1,3e-06
Qwen,7B,1337,304,32,97.8856,1,3e-06
Qwen,7B,1337,305,32,97.8859,1,3e-06
Qwen,7B,1337,306,32,97.8867,1,3e-06
Qwen,7B,1337,307,32,97.8886,1,3e-06
Qwen,7B,1337,308,32,97.8939,1,3e-06
Qwen,7B,1337,309,32,97.9007,1,3e-06
Qwen,7B,1337,310,32,97.9030,1,3e-06
Qwen,7B,1337,311,32,97.9074,1,3e-06
Qwen,7B,1337,312,32,97.9075,1,3e-06
Qwen,7B,1337,313,32,97.9107,1,3e-06
Qwen,7B,1337,314,32,97.9126,1,3e-06
Qwen,7B,1337,315,32,97.9123,1,3e-06
Qwen,7B,1337,316,32,97.9166,1,3e-06
Qwen,7B,1337,317,32,97.9236,1,3e-06
Qwen,7B,1337,318,32,97.9388,1,3e-06
Qwen,7B,1337,319,32,97.9475,1,3e-06
Qwen,7B,1337,320,32,97.9537,1,3e-06
Qwen,7B,1337,321,32,97.9566,1,3e-06
Qwen,7B,1337,322,32,97.9682,1,3e-06
Qwen,7B,1337,323,32,97.9830,1,3e-06
Qwen,7B,1337,324,32,97.9875,1,3e-06
Qwen,7B,1337,325,32,97.9978,1,3e-06
Qwen,7B,1337,326,32,98.0055,1,3e-06
Qwen,7B,1337,327,32,98.0196,1,3e-06
Qwen,7B,1337,328,32,98.0339,1,3e-06
Qwen,7B,1337,329,32,98.0422,1,3e-06
Qwen,7B,1337,330,32,98.0556,1,3e-06
Qwen,7B,1337,331,32,98.0796,1,3e-06
Qwen,7B,1337,332,32,98.1021,1,3e-06
Qwen,7B,1337,333,32,98.1185,1,3e-06
Qwen,7B,1337,334,32,98.1387,1,3e-06
Qwen,7B,1337,335,32,98.1622,1,3e-06
Qwen,7B,1337,336,32,98.1734,1,3e-06
Qwen,7B,1337,337,32,98.1837,1,3e-06
Qwen,7B,1337,338,32,98.1931,1,3e-06
Qwen,7B,1337,339,32,98.1955,1,3e-06
Qwen,7B,1337,340,32,98.1991,1,3e-06
Qwen,7B,1337,341,32,98.2021,1,3e-06
Qwen,7B,1337,342,32,98.1984,1,3e-06
Qwen,7B,1337,343,32,98.1978,1,3e-06
Qwen,7B,1337,344,32,98.2018,1,3e-06
Qwen,7B,1337,345,32,98.1969,1,3e-06
Qwen,7B,1337,346,32,98.1969,1,3e-06
Qwen,7B,1337,347,32,98.1931,1,3e-06
Qwen,7B,1337,348,32,98.1970,1,3e-06
Qwen,7B,1337,349,32,98.2007,1,3e-06
Qwen,7B,1337,350,32,98.2005,1,3e-06
Qwen,7B,1337,351,32,98.1959,1,3e-06
Qwen,7B,1337,352,32,98.2021,1,3e-06
Qwen,7B,1337,353,32,98.1955,1,3e-06
Qwen,7B,1337,354,32,98.1924,1,3e-06
Qwen,7B,1337,355,32,98.1941,1,3e-06
Qwen,7B,1337,356,32,98.1970,1,3e-06
Qwen,7B,1337,357,32,98.2019,1,3e-06
Qwen,7B,1337,358,32,98.1999,1,3e-06
Qwen,7B,1337,359,32,98.1992,1,3e-06
Qwen,7B,1337,360,32,98.2003,1,3e-06
Qwen,7B,1337,361,32,98.2088,1,3e-06
Qwen,7B,1337,362,32,98.2150,1,3e-06
Qwen,7B,1337,363,32,98.2182,1,3e-06
Qwen,7B,1337,364,32,98.2242,1,3e-06
Qwen,7B,1337,365,32,98.2261,1,3e-06
Qwen,7B,1337,366,32,98.2310,1,3e-06
Qwen,7B,1337,367,32,98.2243,1,3e-06
Qwen,7B,2024,0,1,99.7869,1,3e-06
Qwen,7B,2024,1,1,99.6221,1,3e-06
Qwen,7B,2024,2,1,99.5450,1,3e-06
Qwen,7B,2024,3,1,99.3099,1,3e-06
Qwen,7B,2024,4,1,99.1992,1,3e-06
Qwen,7B,2024,5,1,99.1511,1,3e-06
Qwen,7B,2024,6,1,98.9849,1,3e-06
Qwen,7B,2024,7,1,98.8331,1,3e-06
Qwen,7B,2024,8,1,98.7789,1,3e-06
Qwen,7B,2024,9,1,98.7232,1,3e-06
Qwen,7B,2024,10,1,98.6924,1,3e-06
Qwen,7B,2024,11,1,98.6635,1,3e-06
Qwen,7B,2024,12,1,98.6091,1,3e-06
Qwen,7B,2024,13,1,98.5858,1,3e-06
Qwen,7B,2024,14,1,98.5437,1,3e-06
Qwen,7B,2024,15,1,98.5659,1,3e-06
Qwen,7B,2024,16,1,98.5637,1,3e-06
Qwen,7B,2024,17,1,98.5859,1,3e-06
Qwen,7B,2024,18,1,98.5799,1,3e-06
Qwen,7B,2024,19,1,98.5936,1,3e-06
Qwen,7B,2024,20,1,98.7022,1,3e-06
Qwen,7B,2024,21,1,98.7755,1,3e-06
Qwen,7B,2024,22,1,98.8296,1,3e-06
Qwen,7B,2024,23,1,98.8749,1,3e-06
Qwen,7B,2024,24,1,98.9440,1,3e-06
Qwen,7B,2024,25,1,99.0020,1,3e-06
Qwen,7B,2024,26,1,99.0283,1,3e-06
Qwen,7B,2024,27,1,99.0477,1,3e-06
Qwen,7B,2024,28,1,99.0642,1,3e-06
Qwen,7B,2024,29,1,99.0956,1,3e-06
Qwen,7B,2024,30,1,99.0967,1,3e-06
Qwen,7B,2024,31,1,99.1134,1,3e-06
Qwen,7B,2024,32,1,99.1264,1,3e-06
Qwen,7B,2024,33,1,99.0848,1,3e-06
Qwen,7B,2024,34,1,99.0803,1,3e-06
Qwen,7B,2024,35,1,99.0536,1,3e-06
Qwen,7B,2024,36,1,99.0828,1,3e-06
Qwen,7B,2024,37,1,99.0603,1,3e-06
Qwen,7B,2024,38,1,99.0264,1,3e-06
Qwen,7B,2024,39,1,98.9867,1,3e-06
Qwen,7B,2024,40,1,98.9660,1,3e-06
Qwen,7B,2024,41,1,98.9870,1,3e-06
Qwen,7B,2024,42,1,99.0212,1,3e-06
Qwen,7B,2024,43,1,99.0394,1,3e-06
Qwen,7B,2024,44,1,99.0197,1,3e-06
Qwen,7B,2024,45,1,99.0586,1,3e-06
Qwen,7B,2024,46,1,99.0912,1,3e-06
Qwen,7B,2024,47,1,99.1241,1,3e-06
Qwen,7B,2024,48,1,99.1339,1,3e-06
