model,experiment,file_name,file_path,step,sample_idx,original_size_bytes,num_layers,total_nnz,total_params,sparsity_pct,method,compressed_size_bytes,compression_ratio,space_savings_pct,preprocess_time,compress_time,decompress_time,total_time,compress_speed_mb_s,decompress_speed_mb_s,is_lossless,original_hash,decompressed_hash,indices_orig_bytes,indices_comp_bytes,values_orig_bytes,values_comp_bytes,metadata_orig_bytes,metadata_comp_bytes,error_msg
gemma3-4b,gemma3-4b-iter1,delta_000000.pt,/root/grail/research/sparsity_analysis/experiments/gemma3-4b-iter1/checkpoints/deltas_math_instance0_seed42/delta_000000.pt,0,0,93086143,256,9293856,3879936256,99.7604636935561,zstd-1,27289270,3.411089523464717,70.68385355702192,0,0.36995212733745575,0.17622221540659666,0.36995212733745575,239.960409016498,503.76091111777214,True,43a551a8fdec68d1,43a551a8fdec68d1,0,0,0,0,0,0,
gemma3-4b,gemma3-4b-iter1,delta_000000.pt,/root/grail/research/sparsity_analysis/experiments/gemma3-4b-iter1/checkpoints/deltas_math_instance0_seed42/delta_000000.pt,0,0,93086143,256,9293856,3879936256,99.7604636935561,zstd-3,25818615,3.605388708883106,72.26373962019245,0,0.6883469391614199,0.1644308501854539,0.6883469391614199,128.96674444513167,539.8856947604147,True,43a551a8fdec68d1,43a551a8fdec68d1,0,0,0,0,0,0,
gemma3-4b,gemma3-4b-iter1,delta_000000.pt,/root/grail/research/sparsity_analysis/experiments/gemma3-4b-iter1/checkpoints/deltas_math_instance0_seed42/delta_000000.pt,0,0,93086143,256,9293856,3879936256,99.7604636935561,zstd-9,23827729,3.906630925674872,74.40249619108185,0,2.724808447062969,0.16060687601566315,2.724808447062969,32.579854884150656,552.7401191949078,True,43a551a8fdec68d1,43a551a8fdec68d1,0,0,0,0,0,0,
gemma3-4b,gemma3-4b-iter1,delta_000000.pt,/root/grail/research/sparsity_analysis/experiments/gemma3-4b-iter1/checkpoints/deltas_math_instance0_seed42/delta_000000.pt,0,0,93086143,256,9293856,3879936256,99.7604636935561,brotli-6,23254758,4.002885904037359,75.01802389642462,0,4.207627917639911,0.38647476956248283,4.207627917639911,21.098316089273723,229.7015763614215,True,43a551a8fdec68d1,43a551a8fdec68d1,0,0,0,0,0,0,
gemma3-4b,gemma3-4b-iter1,delta_000000.pt,/root/grail/research/sparsity_analysis/experiments/gemma3-4b-iter1/checkpoints/deltas_math_instance0_seed42/delta_000000.pt,0,0,93086143,256,9293856,3879936256,99.7604636935561,gzip-6,27395711,3.3978363620495196,70.56950678469943,0,6.93472323846072,0.3896953044459224,6.93472323846072,12.801356411755563,227.80326778286468,True,43a551a8fdec68d1,43a551a8fdec68d1,0,0,0,0,0,0,
gemma3-4b,gemma3-4b-iter1,delta_000000.pt,/root/grail/research/sparsity_analysis/experiments/gemma3-4b-iter1/checkpoints/deltas_math_instance0_seed42/delta_000000.pt,0,0,93086143,256,9293856,3879936256,99.7604636935561,downcast+zstd-3,23962928,3.8845896878711983,74.25725545423018,0.14670874644070864,0.2529782447963953,0.1004124041646719,0.39968699123710394,350.9150119365694,884.0926032090042,True,43a551a8fdec68d1,e7f14828626671d6,0,0,0,0,0,0,
gemma3-4b,gemma3-4b-iter1,delta_000000.pt,/root/grail/research/sparsity_analysis/experiments/gemma3-4b-iter1/checkpoints/deltas_math_instance0_seed42/delta_000000.pt,0,0,93086143,256,9293856,3879936256,99.7604636935561,downcast+zstd-9,23279217,3.998680153202747,74.99174823475069,0.12807117030024529,1.6560831991955638,0.10460330452769995,1.784154369495809,53.604712514166565,848.6716953469789,True,43a551a8fdec68d1,e7f14828626671d6,0,0,0,0,0,0,
gemma3-4b,gemma3-4b-iter1,delta_000000.pt,/root/grail/research/sparsity_analysis/experiments/gemma3-4b-iter1/checkpoints/deltas_math_instance0_seed42/delta_000000.pt,0,0,93086143,256,9293856,3879936256,99.7604636935561,separate+zstd-3,25642606,3.6301358372078094,72.45282146881948,0.10397621896117926,0.5664325626567006,0.15809011366218328,0.6704087816178799,156.7245064020496,561.5396291137909,True,43a551a8fdec68d1,677b04f7246fbc14,74350576,20150982,18587712,5487007,36424,4617,
gemma3-4b,gemma3-4b-iter1,delta_000000.pt,/root/grail/research/sparsity_analysis/experiments/gemma3-4b-iter1/checkpoints/deltas_math_instance0_seed42/delta_000000.pt,0,0,93086143,256,9293856,3879936256,99.7604636935561,separate+zstd-9,23666493,3.9332461721303615,74.57570779358642,0.0979923689737916,2.7410833882167935,0.1564123658463359,2.839075757190585,32.38641486575536,567.5629501035327,True,43a551a8fdec68d1,677b04f7246fbc14,74350576,18350841,18587712,5311112,36424,4540,
gemma3-4b,gemma3-4b-iter1,delta_000000.pt,/root/grail/research/sparsity_analysis/experiments/gemma3-4b-iter1/checkpoints/deltas_math_instance0_seed42/delta_000000.pt,0,0,93086143,256,9293856,3879936256,99.7604636935561,delta-enc+zstd-3,8597079,10.827647739424053,90.76438369564845,1.082810204476118,0.2532528229057789,0.13249643240123987,1.336063027381897,350.5345479424219,670.0094650366503,True,43a551a8fdec68d1,09242de111f80bf4,0,0,0,0,0,0,
gemma3-4b,gemma3-4b-iter1,delta_000000.pt,/root/grail/research/sparsity_analysis/experiments/gemma3-4b-iter1/checkpoints/deltas_math_instance0_seed42/delta_000000.pt,0,0,93086143,256,9293856,3879936256,99.7604636935561,delta-enc+zstd-9,7934395,11.731977422349152,91.47628772200821,1.1126635447144508,1.4462497606873512,0.11502256523817778,2.558913305401802,61.38211130989461,771.7952004338885,True,43a551a8fdec68d1,09242de111f80bf4,0,0,0,0,0,0,
gemma3-4b,gemma3-4b-iter1,delta_000000.pt,/root/grail/research/sparsity_analysis/experiments/gemma3-4b-iter1/checkpoints/deltas_math_instance0_seed42/delta_000000.pt,0,0,93086143,256,9293856,3879936256,99.7604636935561,combined+zstd-9,7742585,12.02261815659757,91.68234417017365,1.1357666160911322,1.4570343988016248,0.11704614758491516,2.592801014892757,60.92777484555874,758.4518211333301,True,43a551a8fdec68d1,913c5208c668c62e,74350576,2426933,18587712,5311112,36424,4540,
gemma3-4b,gemma3-4b-iter1,delta_000016.pt,/root/grail/research/sparsity_analysis/experiments/gemma3-4b-iter1/checkpoints/deltas_math_instance0_seed42/delta_000016.pt,16,1,624573023,264,62441945,3879949824,98.39065070857988,zstd-1,166859980,3.743096595121251,73.28415191573202,0,1.9132986553013325,0.8315553851425648,1.9132986553013325,311.3153553445114,716.2953441197324,True,1a7e64e86b33dd3f,1a7e64e86b33dd3f,0,0,0,0,0,0,
gemma3-4b,gemma3-4b-iter1,delta_000016.pt,/root/grail/research/sparsity_analysis/experiments/gemma3-4b-iter1/checkpoints/deltas_math_instance0_seed42/delta_000016.pt,16,1,624573023,264,62441945,3879949824,98.39065070857988,zstd-3,150024485,4.163140590017689,75.97967259626581,0,3.4957433408126235,0.9089089361950755,3.4957433408126235,170.38986924504798,655.3343542300374,True,1a7e64e86b33dd3f,1a7e64e86b33dd3f,0,0,0,0,0,0,
gemma3-4b,gemma3-4b-iter1,delta_000016.pt,/root/grail/research/sparsity_analysis/experiments/gemma3-4b-iter1/checkpoints/deltas_math_instance0_seed42/delta_000016.pt,16,1,624573023,264,62441945,3879949824,98.39065070857988,zstd-9,141957088,4.399731156784506,77.27133853490179,0,15.266574167646468,1.0027219969779253,15.266574167646468,39.01590783986184,594.0223237851467,True,1a7e64e86b33dd3f,1a7e64e86b33dd3f,0,0,0,0,0,0,
gemma3-4b,gemma3-4b-iter1,delta_000016.pt,/root/grail/research/sparsity_analysis/experiments/gemma3-4b-iter1/checkpoints/deltas_math_instance0_seed42/delta_000016.pt,16,1,624573023,264,62441945,3879949824,98.39065070857988,brotli-6,137591093,4.539341968887477,77.97037529108906,0,22.633902449160814,2.613219170831144,22.633902449160814,26.316241845311755,227.93313986207474,True,1a7e64e86b33dd3f,1a7e64e86b33dd3f,0,0,0,0,0,0,
gemma3-4b,gemma3-4b-iter1,delta_000016.pt,/root/grail/research/sparsity_analysis/experiments/gemma3-4b-iter1/checkpoints/deltas_math_instance0_seed42/delta_000016.pt,16,1,624573023,264,62441945,3879949824,98.39065070857988,gzip-6,166135275,3.7594244991017107,73.40018398457148,0,43.4164418047294,2.5665404545143247,43.4164418047294,13.719209267177357,232.07865268892672,True,1a7e64e86b33dd3f,1a7e64e86b33dd3f,0,0,0,0,0,0,
gemma3-4b,gemma3-4b-iter1,delta_000016.pt,/root/grail/research/sparsity_analysis/experiments/gemma3-4b-iter1/checkpoints/deltas_math_instance0_seed42/delta_000016.pt,16,1,624573023,264,62441945,3879949824,98.39065070857988,downcast+zstd-3,150779832,4.142284911154431,75.85873445577876,0.6968652503564954,2.6434468012303114,0.6076746936887503,3.3403120515868068,225.32674025370514,980.1942666718902,True,1a7e64e86b33dd3f,132c62aef74f34f7,0,0,0,0,0,0,
gemma3-4b,gemma3-4b-iter1,delta_000016.pt,/root/grail/research/sparsity_analysis/experiments/gemma3-4b-iter1/checkpoints/deltas_math_instance0_seed42/delta_000016.pt,16,1,624573023,264,62441945,3879949824,98.39065070857988,downcast+zstd-9,134040162,4.659596151487791,78.53891265489383,0.5124247139319777,8.473710231482983,0.6850609555840492,8.98613494541496,70.29261498018765,869.4689806799709,True,1a7e64e86b33dd3f,132c62aef74f34f7,0,0,0,0,0,0,
gemma3-4b,gemma3-4b-iter1,delta_000016.pt,/root/grail/research/sparsity_analysis/experiments/gemma3-4b-iter1/checkpoints/deltas_math_instance0_seed42/delta_000016.pt,16,1,624573023,264,62441945,3879949824,98.39065070857988,separate+zstd-3,149763591,4.170392942834818,76.0214441730699,0.8821072252467275,3.2209354443475604,0.8751345640048385,4.103042669594288,184.92741038961245,680.6259005809499,True,1a7e64e86b33dd3f,45300e5ebb3fb363,499535256,106384520,124883890,43373749,38624,5322,
gemma3-4b,gemma3-4b-iter1,delta_000016.pt,/root/grail/research/sparsity_analysis/experiments/gemma3-4b-iter1/checkpoints/deltas_math_instance0_seed42/delta_000016.pt,16,1,624573023,264,62441945,3879949824,98.39065070857988,separate+zstd-9,141769269,4.40556001597215,77.30141011870121,0.8557589212432504,13.516007484868169,0.9394459798932076,14.37176640611142,44.069171419308354,634.032465414371,True,1a7e64e86b33dd3f,45300e5ebb3fb363,499535256,100034990,124883890,41729261,38624,5018,
gemma3-4b,gemma3-4b-iter1,delta_000016.pt,/root/grail/research/sparsity_analysis/experiments/gemma3-4b-iter1/checkpoints/deltas_math_instance0_seed42/delta_000016.pt,16,1,624573023,264,62441945,3879949824,98.39065070857988,delta-enc+zstd-3,48973427,12.753304419557978,92.15889492556582,9.199197833426297,1.3241511210799217,0.5958544919267297,10.523348954506218,449.8272449971812,999.6387689035898,True,1a7e64e86b33dd3f,5d75cea274cd9d17,0,0,0,0,0,0,
gemma3-4b,gemma3-4b-iter1,delta_000016.pt,/root/grail/research/sparsity_analysis/experiments/gemma3-4b-iter1/checkpoints/deltas_math_instance0_seed42/delta_000016.pt,16,1,624573023,264,62441945,3879949824,98.39065070857988,delta-enc+zstd-9,46207601,13.51667278723256,92.60172961392858,8.478817597031593,6.60596670396626,0.5715957004576921,15.084784300997853,90.1668563357555,1042.0639103449616,True,1a7e64e86b33dd3f,5d75cea274cd9d17,0,0,0,0,0,0,
gemma3-4b,gemma3-4b-iter1,delta_000016.pt,/root/grail/research/sparsity_analysis/experiments/gemma3-4b-iter1/checkpoints/deltas_math_instance0_seed42/delta_000016.pt,16,1,624573023,264,62441945,3879949824,98.39065070857988,combined+zstd-9,45908563,13.60471733780907,92.64960840295531,8.618219991214573,6.669872743077576,0.5574107570573688,15.28809273429215,89.3029408055053,1068.5822675897998,True,1a7e64e86b33dd3f,c1f1fd6e82b15442,499535256,4174284,124883890,41729261,38624,5018,
gemma3-4b,gemma3-4b-iter1,delta_000033.pt,/root/grail/research/sparsity_analysis/experiments/gemma3-4b-iter1/checkpoints/deltas_math_instance0_seed42/delta_000033.pt,33,2,370540719,260,37039035,3879944192,99.04537196497903,zstd-1,102374814,3.6194519386379547,72.37150770466336,0,1.1336164521053433,0.47927207592874765,1.1336164521053433,311.72374592545816,737.3164109513881,True,425dbd3736ca6053,425dbd3736ca6053,0,0,0,0,0,0,
gemma3-4b,gemma3-4b-iter1,delta_000033.pt,/root/grail/research/sparsity_analysis/experiments/gemma3-4b-iter1/checkpoints/deltas_math_instance0_seed42/delta_000033.pt,33,2,370540719,260,37039035,3879944192,99.04537196497903,zstd-3,93478750,3.9639032293435674,74.77234074239489,0,2.032072559930384,0.5467819077894092,2.032072559930384,173.89889212672185,646.2817475466039,True,425dbd3736ca6053,425dbd3736ca6053,0,0,0,0,0,0,
gemma3-4b,gemma3-4b-iter1,delta_000033.pt,/root/grail/research/sparsity_analysis/experiments/gemma3-4b-iter1/checkpoints/deltas_math_instance0_seed42/delta_000033.pt,33,2,370540719,260,37039035,3879944192,99.04537196497903,zstd-9,88536355,4.185181544914515,76.106173907435,0,8.204935688525438,0.5618237964808941,8.204935688525438,43.06860898217627,628.9786390438564,True,425dbd3736ca6053,425dbd3736ca6053,0,0,0,0,0,0,
gemma3-4b,gemma3-4b-iter1,delta_000033.pt,/root/grail/research/sparsity_analysis/experiments/gemma3-4b-iter1/checkpoints/deltas_math_instance0_seed42/delta_000033.pt,33,2,370540719,260,37039035,3879944192,99.04537196497903,brotli-6,85972572,4.3099875969745325,76.79807708258913,0,10.975070310756564,1.3646021289750934,10.975070310756564,32.19798660849267,258.95838749600483,True,425dbd3736ca6053,425dbd3736ca6053,0,0,0,0,0,0,
gemma3-4b,gemma3-4b-iter1,delta_000033.pt,/root/grail/research/sparsity_analysis/experiments/gemma3-4b-iter1/checkpoints/deltas_math_instance0_seed42/delta_000033.pt,33,2,370540719,260,37039035,3879944192,99.04537196497903,gzip-6,102193380,3.6258779091170092,72.42047236379439,0,26.6532214442268,1.3915828242897987,26.6532214442268,13.258253514775337,253.93757433974665,True,425dbd3736ca6053,425dbd3736ca6053,0,0,0,0,0,0,
gemma3-4b,gemma3-4b-iter1,delta_000033.pt,/root/grail/research/sparsity_analysis/experiments/gemma3-4b-iter1/checkpoints/deltas_math_instance0_seed42/delta_000033.pt,33,2,370540719,260,37039035,3879944192,99.04537196497903,downcast+zstd-3,92871935,3.989802936699876,74.93610547023309,0.4972727298736572,1.392166206613183,0.3437159964814782,1.8894389364868402,253.83116269765307,1028.1021846827186,True,425dbd3736ca6053,1421f757678c2c6d,0,0,0,0,0,0,
gemma3-4b,gemma3-4b-iter1,delta_000033.pt,/root/grail/research/sparsity_analysis/experiments/gemma3-4b-iter1/checkpoints/deltas_math_instance0_seed42/delta_000033.pt,33,2,370540719,260,37039035,3879944192,99.04537196497903,downcast+zstd-9,85786290,4.319346587898836,76.84835009995217,0.37680802680552006,5.524058787152171,0.3982437429949641,5.900866813957691,63.97020388611425,887.3338831025246,True,425dbd3736ca6053,1421f757678c2c6d,0,0,0,0,0,0,
gemma3-4b,gemma3-4b-iter1,delta_000033.pt,/root/grail/research/sparsity_analysis/experiments/gemma3-4b-iter1/checkpoints/deltas_math_instance0_seed42/delta_000033.pt,33,2,370540719,260,37039035,3879944192,99.04537196497903,separate+zstd-3,93167852,3.977130641586542,74.85624461154026,0.29760497342795134,1.9936440903693438,0.5160713288933039,2.291249063797295,177.2508787300841,684.740940076647,True,425dbd3736ca6053,7898f7de08a7a660,296311996,66422137,74078070,26740450,37820,5265,
gemma3-4b,gemma3-4b-iter1,delta_000033.pt,/root/grail/research/sparsity_analysis/experiments/gemma3-4b-iter1/checkpoints/deltas_math_instance0_seed42/delta_000033.pt,33,2,370540719,260,37039035,3879944192,99.04537196497903,separate+zstd-9,88290932,4.1968151270619725,76.17240765379958,0.22511794324964285,8.832299741916358,0.5758003452792764,9.057417685166001,40.00941739057567,613.7112799430683,True,425dbd3736ca6053,7898f7de08a7a660,296311996,62525258,74078070,25760696,37820,4978,
gemma3-4b,gemma3-4b-iter1,delta_000033.pt,/root/grail/research/sparsity_analysis/experiments/gemma3-4b-iter1/checkpoints/deltas_math_instance0_seed42/delta_000033.pt,33,2,370540719,260,37039035,3879944192,99.04537196497903,delta-enc+zstd-3,31626908,11.715995727435638,91.46466059510183,6.21671549230814,1.0020607048645616,0.5219964748248458,7.218776197172701,352.64846249087026,676.9684929607604,True,425dbd3736ca6053,8a706e922f16d243,0,0,0,0,0,0,
gemma3-4b,gemma3-4b-iter1,delta_000033.pt,/root/grail/research/sparsity_analysis/experiments/gemma3-4b-iter1/checkpoints/deltas_math_instance0_seed42/delta_000033.pt,33,2,370540719,260,37039035,3879944192,99.04537196497903,delta-enc+zstd-9,29844647,12.415650920582173,91.94564983828404,5.9326771311461926,4.780261570587754,0.3850907860323787,10.712938701733947,73.92381393254101,917.6411893254007,True,425dbd3736ca6053,8a706e922f16d243,0,0,0,0,0,0,
gemma3-4b,gemma3-4b-iter1,delta_000033.pt,/root/grail/research/sparsity_analysis/experiments/gemma3-4b-iter1/checkpoints/deltas_math_instance0_seed42/delta_000033.pt,33,2,370540719,260,37039035,3879944192,99.04537196497903,combined+zstd-9,29523810,12.550572537893991,92.03223600373053,5.786075437441468,5.122604829259217,0.3877552626654506,10.908680266700685,68.9834915382507,911.335579210158,True,425dbd3736ca6053,a444ca8a4cfd2b62,296311996,3758136,74078070,25760696,37820,4978,
gemma3-4b,gemma3-4b-iter1,delta_000049.pt,/root/grail/research/sparsity_analysis/experiments/gemma3-4b-iter1/checkpoints/deltas_math_instance0_seed42/delta_000049.pt,49,3,363983851,261,36383302,3879944448,99.06227260499169,zstd-1,100785424,3.611473133257841,72.31046824657064,0,1.1596470894291997,0.5218067700043321,1.1596470894291997,299.33421421874084,665.2310208287591,True,2f1bbca872625eef,2f1bbca872625eef,0,0,0,0,0,0,
gemma3-4b,gemma3-4b-iter1,delta_000049.pt,/root/grail/research/sparsity_analysis/experiments/gemma3-4b-iter1/checkpoints/deltas_math_instance0_seed42/delta_000049.pt,49,3,363983851,261,36383302,3879944448,99.06227260499169,zstd-3,92110723,3.951590424493791,74.69373359643913,0,2.443493648432195,0.5812472505494952,2.443493648432195,142.05973095451313,597.2020512048525,True,2f1bbca872625eef,2f1bbca872625eef,0,0,0,0,0,0,
gemma3-4b,gemma3-4b-iter1,delta_000049.pt,/root/grail/research/sparsity_analysis/experiments/gemma3-4b-iter1/checkpoints/deltas_math_instance0_seed42/delta_000049.pt,49,3,363983851,261,36383302,3879944448,99.06227260499169,zstd-9,87247478,4.17185527127787,76.02984919240276,0,10.089810396544635,0.6548185758292675,10.089810396544635,34.40322827118883,530.1041587675505,True,2f1bbca872625eef,2f1bbca872625eef,0,0,0,0,0,0,
gemma3-4b,gemma3-4b-iter1,delta_000049.pt,/root/grail/research/sparsity_analysis/experiments/gemma3-4b-iter1/checkpoints/deltas_math_instance0_seed42/delta_000049.pt,49,3,363983851,261,36383302,3879944448,99.06227260499169,brotli-6,84738636,4.295370661854883,76.71912207995184,0,14.331803500652313,1.4672235576435924,14.331803500652313,24.220402566190646,236.58429451802724,True,2f1bbca872625eef,2f1bbca872625eef,0,0,0,0,0,0,
gemma3-4b,gemma3-4b-iter1,delta_000049.pt,/root/grail/research/sparsity_analysis/experiments/gemma3-4b-iter1/checkpoints/deltas_math_instance0_seed42/delta_000049.pt,49,3,363983851,261,36383302,3879944448,99.06227260499169,gzip-6,100645947,3.6164779789890598,72.3487878037754,0,26.480991267599165,1.4016767963767052,26.480991267599165,13.10834805153464,247.647711071939,True,2f1bbca872625eef,2f1bbca872625eef,0,0,0,0,0,0,
gemma3-4b,gemma3-4b-iter1,delta_000049.pt,/root/grail/research/sparsity_analysis/experiments/gemma3-4b-iter1/checkpoints/deltas_math_instance0_seed42/delta_000049.pt,49,3,363983851,261,36383302,3879944448,99.06227260499169,downcast+zstd-3,91453733,3.9799780616937745,74.87423336262246,0.5081327548250556,1.589908516034484,0.36352715361863375,2.0980412708595395,218.32831687141586,954.872412775788,True,2f1bbca872625eef,a9d0855961b423b1,0,0,0,0,0,0,
gemma3-4b,gemma3-4b-iter1,delta_000049.pt,/root/grail/research/sparsity_analysis/experiments/gemma3-4b-iter1/checkpoints/deltas_math_instance0_seed42/delta_000049.pt,49,3,363983851,261,36383302,3879944448,99.06227260499169,downcast+zstd-9,84616342,4.30157865959273,76.75272082332026,0.44647167809307575,6.623620819300413,0.45448700338602066,7.070092497393489,52.40669110675366,763.7667253391394,True,2f1bbca872625eef,a9d0855961b423b1,0,0,0,0,0,0,
gemma3-4b,gemma3-4b-iter1,delta_000049.pt,/root/grail/research/sparsity_analysis/experiments/gemma3-4b-iter1/checkpoints/deltas_math_instance0_seed42/delta_000049.pt,49,3,363983851,261,36383302,3879944448,99.06227260499169,separate+zstd-3,91808305,3.9646070254755275,74.77681915069358,0.3126529101282358,2.3076424757018685,0.5706192813813686,2.6202953858301044,150.42280333298265,608.32513308176,True,2f1bbca872625eef,09b88d9081d50bd6,291066136,65365707,72766604,26437211,37952,5387,
gemma3-4b,gemma3-4b-iter1,delta_000049.pt,/root/grail/research/sparsity_analysis/experiments/gemma3-4b-iter1/checkpoints/deltas_math_instance0_seed42/delta_000049.pt,49,3,363983851,261,36383302,3879944448,99.06227260499169,separate+zstd-9,87004945,4.1834846398673085,76.09648209365201,0.24961292650550604,10.272175303660333,0.6678317952901125,10.52178823016584,33.792457782690654,519.7746689112731,True,2f1bbca872625eef,09b88d9081d50bd6,291066136,61545589,72766604,25454296,37952,5060,
gemma3-4b,gemma3-4b-iter1,delta_000049.pt,/root/grail/research/sparsity_analysis/experiments/gemma3-4b-iter1/checkpoints/deltas_math_instance0_seed42/delta_000049.pt,49,3,363983851,261,36383302,3879944448,99.06227260499169,delta-enc+zstd-3,31394293,11.59394960733787,91.3748115709672,5.31678201444447,0.9089454524219036,0.3993908138945699,6.225727466866374,381.8953594634591,869.1287786528103,True,2f1bbca872625eef,63d579c9aae2ae4f,0,0,0,0,0,0,
gemma3-4b,gemma3-4b-iter1,delta_000049.pt,/root/grail/research/sparsity_analysis/experiments/gemma3-4b-iter1/checkpoints/deltas_math_instance0_seed42/delta_000049.pt,49,3,363983851,261,36383302,3879944448,99.06227260499169,delta-enc+zstd-9,29522674,12.328959463495753,91.88901542777512,5.611072734929621,4.388441186398268,0.36300992500036955,9.999513921327889,79.09916882587491,956.2329467575466,True,2f1bbca872625eef,63d579c9aae2ae4f,0,0,0,0,0,0,
gemma3-4b,gemma3-4b-iter1,delta_000049.pt,/root/grail/research/sparsity_analysis/experiments/gemma3-4b-iter1/checkpoints/deltas_math_instance0_seed42/delta_000049.pt,49,3,363983851,261,36383302,3879944448,99.06227260499169,combined+zstd-9,29207506,12.461996960644294,91.97560388468993,5.101243545301259,4.833133902400732,0.3824072191491723,9.93437744770199,71.82131869198071,907.728810814974,True,2f1bbca872625eef,2386c6bef4f30ceb,291066136,3748150,72766604,25454296,37952,5060,
gemma3-4b,gemma3-4b-iter1,delta_000066.pt,/root/grail/research/sparsity_analysis/experiments/gemma3-4b-iter1/checkpoints/deltas_math_instance0_seed42/delta_000066.pt,66,4,349249467,257,34910157,3879936512,99.10023896287919,zstd-1,96908646,3.603904103664806,72.25231384533508,0,1.1300332499668002,0.5055002924054861,1.1300332499668002,294.7437579436336,658.8922928442156,True,336b644e388ac22d,336b644e388ac22d,0,0,0,0,0,0,
gemma3-4b,gemma3-4b-iter1,delta_000066.pt,/root/grail/research/sparsity_analysis/experiments/gemma3-4b-iter1/checkpoints/deltas_math_instance0_seed42/delta_000066.pt,66,4,349249467,257,34910157,3879936512,99.10023896287919,zstd-3,88673479,3.9386011571734993,74.61027506736325,0,2.4634009655565023,0.5989853572100401,2.4634009655565023,135.20748402452173,556.0574105648426,True,336b644e388ac22d,336b644e388ac22d,0,0,0,0,0,0,
gemma3-4b,gemma3-4b-iter1,delta_000066.pt,/root/grail/research/sparsity_analysis/experiments/gemma3-4b-iter1/checkpoints/deltas_math_instance0_seed42/delta_000066.pt,66,4,349249467,257,34910157,3879936512,99.10023896287919,zstd-9,83984842,4.15848215800656,75.95276444616592,0,9.502736947499216,0.6550816623494029,9.502736947499216,35.04992809299267,508.4408033983731,True,336b644e388ac22d,336b644e388ac22d,0,0,0,0,0,0,
gemma3-4b,gemma3-4b-iter1,delta_000066.pt,/root/grail/research/sparsity_analysis/experiments/gemma3-4b-iter1/checkpoints/deltas_math_instance0_seed42/delta_000066.pt,66,4,349249467,257,34910157,3879936512,99.10023896287919,brotli-6,81592692,4.2804013256481355,76.6377046468048,0,15.0821265084669,1.4835666045546532,15.0821265084669,22.083772239245647,224.50643312805994,True,336b644e388ac22d,336b644e388ac22d,0,0,0,0,0,0,
gemma3-4b,gemma3-4b-iter1,delta_000066.pt,/root/grail/research/sparsity_analysis/experiments/gemma3-4b-iter1/checkpoints/deltas_math_instance0_seed42/delta_000066.pt,66,4,349249467,257,34910157,3879936512,99.10023896287919,gzip-6,96836704,3.6065815189248904,72.27291287462437,0,25.5972678726539,1.3579734340310097,25.5972678726539,13.011945194834567,245.27007550345527,True,336b644e388ac22d,336b644e388ac22d,0,0,0,0,0,0,
gemma3-4b,gemma3-4b-iter1,delta_000066.pt,/root/grail/research/sparsity_analysis/experiments/gemma3-4b-iter1/checkpoints/deltas_math_instance0_seed42/delta_000066.pt,66,4,349249467,257,34910157,3879936512,99.10023896287919,downcast+zstd-3,87958458,3.9706183457649975,74.815005802142,0.623212581500411,1.5657524978742003,0.33429833222180605,2.1889650793746114,212.7221557357736,996.3263785458581,True,336b644e388ac22d,0f35cf4070876c5d,0,0,0,0,0,0,
gemma3-4b,gemma3-4b-iter1,delta_000066.pt,/root/grail/research/sparsity_analysis/experiments/gemma3-4b-iter1/checkpoints/deltas_math_instance0_seed42/delta_000066.pt,66,4,349249467,257,34910157,3879936512,99.10023896287919,downcast+zstd-9,81607831,4.2796072720030995,76.63336992293821,0.400938056409359,6.438401424326003,0.4484219755977392,6.839339480735362,51.73182359180707,742.7607584407408,True,336b644e388ac22d,0f35cf4070876c5d,0,0,0,0,0,0,
gemma3-4b,gemma3-4b-iter1,delta_000066.pt,/root/grail/research/sparsity_analysis/experiments/gemma3-4b-iter1/checkpoints/deltas_math_instance0_seed42/delta_000066.pt,66,4,349249467,257,34910157,3879936512,99.10023896287919,separate+zstd-3,88364690,3.9523645361059945,74.69869009134379,0.3326094504445791,2.246443218551576,0.5859183557331562,2.5790526689961553,148.26559778850034,568.458460871572,True,336b644e388ac22d,960d9de3b6ff97f8,279280992,62963271,69820314,25396167,37375,5252,
gemma3-4b,gemma3-4b-iter1,delta_000066.pt,/root/grail/research/sparsity_analysis/experiments/gemma3-4b-iter1/checkpoints/deltas_math_instance0_seed42/delta_000066.pt,66,4,349249467,257,34910157,3879936512,99.10023896287919,separate+zstd-9,83737048,4.1707879050142775,76.02371487656416,0.20344924367964268,9.584543213248253,0.583668440580368,9.787992456927896,34.750768950166055,570.6497448539196,True,336b644e388ac22d,960d9de3b6ff97f8,279280992,59269235,69820314,24462823,37375,4990,
gemma3-4b,gemma3-4b-iter1,delta_000066.pt,/root/grail/research/sparsity_analysis/experiments/gemma3-4b-iter1/checkpoints/deltas_math_instance0_seed42/delta_000066.pt,66,4,349249467,257,34910157,3879936512,99.10023896287919,delta-enc+zstd-3,30194477,11.5666672087084,91.35446726394002,5.5956087885424495,0.880872618407011,0.38646287098526955,6.4764814069494605,378.11397441187756,861.8428100151632,True,336b644e388ac22d,d87fcc43f967d738,0,0,0,0,0,0,
gemma3-4b,gemma3-4b-iter1,delta_000066.pt,/root/grail/research/sparsity_analysis/experiments/gemma3-4b-iter1/checkpoints/deltas_math_instance0_seed42/delta_000066.pt,66,4,349249467,257,34910157,3879936512,99.10023896287919,delta-enc+zstd-9,28497503,12.255441011796718,91.8403589145635,5.311300104483962,4.396869393996894,0.3469441393390298,9.708169498480856,75.75168076432234,960.0111629814844,True,336b644e388ac22d,d87fcc43f967d738,0,0,0,0,0,0,
gemma3-4b,gemma3-4b-iter1,delta_000066.pt,/root/grail/research/sparsity_analysis/experiments/gemma3-4b-iter1/checkpoints/deltas_math_instance0_seed42/delta_000066.pt,66,4,349249467,257,34910157,3879936512,99.10023896287919,combined+zstd-9,28170811,12.397565231615093,91.93390007378308,5.0993187157437205,4.626915938220918,0.35474336333572865,9.726234653964639,71.98536803859463,938.9048002605053,True,336b644e388ac22d,b758c95fd5d5642a,279280992,3702998,69820314,24462823,37375,4990,
gemma3-4b,gemma3-4b-iter1,delta_000082.pt,/root/grail/research/sparsity_analysis/experiments/gemma3-4b-iter1/checkpoints/deltas_math_instance0_seed42/delta_000082.pt,82,5,378424695,258,37827447,3879939072,99.02505048924645,zstd-1,104618807,3.617176546469317,72.3541279461162,0,1.282595925964415,0.520942909643054,1.282595925964415,281.37771609090663,692.770562061494,True,085644c21833ede1,085644c21833ede1,0,0,0,0,0,0,
gemma3-4b,gemma3-4b-iter1,delta_000082.pt,/root/grail/research/sparsity_analysis/experiments/gemma3-4b-iter1/checkpoints/deltas_math_instance0_seed42/delta_000082.pt,82,5,378424695,258,37827447,3879939072,99.02505048924645,zstd-3,95528866,3.9613648821079903,74.75617546576869,0,2.3256144234910607,0.5791387734934688,2.3256144234910607,155.1821783826135,623.1561912845033,True,085644c21833ede1,085644c21833ede1,0,0,0,0,0,0,
gemma3-4b,gemma3-4b-iter1,delta_000082.pt,/root/grail/research/sparsity_analysis/experiments/gemma3-4b-iter1/checkpoints/deltas_math_instance0_seed42/delta_000082.pt,82,5,378424695,258,37827447,3879939072,99.02505048924645,zstd-9,90498211,4.181571003652216,76.08554299026389,0,10.116410046815872,0.6439610989764333,10.116410046815872,35.674108764399044,560.4281266197667,True,085644c21833ede1,085644c21833ede1,0,0,0,0,0,0,
gemma3-4b,gemma3-4b-iter1,delta_000082.pt,/root/grail/research/sparsity_analysis/experiments/gemma3-4b-iter1/checkpoints/deltas_math_instance0_seed42/delta_000082.pt,82,5,378424695,258,37827447,3879939072,99.02505048924645,brotli-6,87884467,4.305933777808541,76.77623364405434,0,15.288205124437809,1.6311895214021206,15.288205124437809,23.606035461840374,221.24585008684662,True,085644c21833ede1,085644c21833ede1,0,0,0,0,0,0,
gemma3-4b,gemma3-4b-iter1,delta_000082.pt,/root/grail/research/sparsity_analysis/experiments/gemma3-4b-iter1/checkpoints/deltas_math_instance0_seed42/delta_000082.pt,82,5,378424695,258,37827447,3879939072,99.02505048924645,gzip-6,104441091,3.623331500817049,72.40108999757534,0,27.424986614845693,1.5153089379891753,27.424986614845693,13.159310426791953,238.16523698083455,True,085644c21833ede1,085644c21833ede1,0,0,0,0,0,0,
gemma3-4b,gemma3-4b-iter1,delta_000082.pt,/root/grail/research/sparsity_analysis/experiments/gemma3-4b-iter1/checkpoints/deltas_math_instance0_seed42/delta_000082.pt,82,5,378424695,258,37827447,3879939072,99.02505048924645,downcast+zstd-3,94970282,3.9846643289950427,74.90378316880192,0.5884487302973866,1.9554136013612151,0.37858200538903475,2.5438623316586018,184.56142069592892,953.2780406308809,True,085644c21833ede1,f7eae0633abd2819,0,0,0,0,0,0,
gemma3-4b,gemma3-4b-iter1,delta_000082.pt,/root/grail/research/sparsity_analysis/experiments/gemma3-4b-iter1/checkpoints/deltas_math_instance0_seed42/delta_000082.pt,82,5,378424695,258,37827447,3879939072,99.02505048924645,downcast+zstd-9,87601903,4.319822766863866,76.85090213258941,0.46679424587637186,7.139083146117628,0.49735942110419273,7.6058773919939995,50.55185728038898,725.6199380201633,True,085644c21833ede1,f7eae0633abd2819,0,0,0,0,0,0,
gemma3-4b,gemma3-4b-iter1,delta_000082.pt,/root/grail/research/sparsity_analysis/experiments/gemma3-4b-iter1/checkpoints/deltas_math_instance0_seed42/delta_000082.pt,82,5,378424695,258,37827447,3879939072,99.02505048924645,separate+zstd-3,95248207,3.973037466206582,74.83034055163868,0.39739934634417295,2.525384753011167,0.5783885717391968,2.92278409935534,142.9065063789006,623.9644591008631,True,085644c21833ede1,ffbc44a59bdc790b,302619320,67678316,75654894,27564596,37556,5295,
gemma3-4b,gemma3-4b-iter1,delta_000082.pt,/root/grail/research/sparsity_analysis/experiments/gemma3-4b-iter1/checkpoints/deltas_math_instance0_seed42/delta_000082.pt,82,5,378424695,258,37827447,3879939072,99.02505048924645,separate+zstd-9,90264508,4.1923974703324145,76.14729979500942,0.24689331464469433,10.781160729937255,0.6597081674262881,11.02805404458195,33.47449512678483,547.0508478367335,True,085644c21833ede1,ffbc44a59bdc790b,302619320,63738737,75654894,26520811,37556,4960,
gemma3-4b,gemma3-4b-iter1,delta_000082.pt,/root/grail/research/sparsity_analysis/experiments/gemma3-4b-iter1/checkpoints/deltas_math_instance0_seed42/delta_000082.pt,82,5,378424695,258,37827447,3879939072,99.02505048924645,delta-enc+zstd-3,32545548,11.62754103879277,91.3997293437734,6.196360291913152,0.996823257766664,0.4233008623123169,7.193183549679816,362.0440328849616,852.5706995822192,True,085644c21833ede1,dfe6a934ef76afee,0,0,0,0,0,0,
gemma3-4b,gemma3-4b-iter1,delta_000082.pt,/root/grail/research/sparsity_analysis/experiments/gemma3-4b-iter1/checkpoints/deltas_math_instance0_seed42/delta_000082.pt,82,5,378424695,258,37827447,3879939072,99.02505048924645,delta-enc+zstd-9,30614696,12.360883642287352,91.90996348692308,6.158574853092432,4.7817857302725315,0.38713060040026903,10.940360583364964,75.47262313127527,932.2278113438377,True,085644c21833ede1,dfe6a934ef76afee,0,0,0,0,0,0,
gemma3-4b,gemma3-4b-iter1,delta_000082.pt,/root/grail/research/sparsity_analysis/experiments/gemma3-4b-iter1/checkpoints/deltas_math_instance0_seed42/delta_000082.pt,82,5,378424695,258,37827447,3879939072,99.02505048924645,combined+zstd-9,30297606,12.490250714858462,91.99375558722456,5.732042254880071,5.053517442196608,0.3692907653748989,10.785559697076678,71.41439926612765,977.2622176159593,True,085644c21833ede1,b09a01073b478363,302619320,3771835,75654894,26520811,37556,4960,
gemma3-4b,gemma3-4b-iter1,delta_000099.pt,/root/grail/research/sparsity_analysis/experiments/gemma3-4b-iter1/checkpoints/deltas_math_instance0_seed42/delta_000099.pt,99,6,364129335,258,36398016,3879941376,99.06189262999834,zstd-1,100818457,3.6117328695082094,72.31245952760163,0,1.1445019701495767,0.5175132695585489,1.1445019701495767,303.4165110211242,671.018145942053,True,64f1fe824d014106,64f1fe824d014106,0,0,0,0,0,0,
gemma3-4b,gemma3-4b-iter1,delta_000099.pt,/root/grail/research/sparsity_analysis/experiments/gemma3-4b-iter1/checkpoints/deltas_math_instance0_seed42/delta_000099.pt,99,6,364129335,258,36398016,3879941376,99.06189262999834,zstd-3,92189421,3.949795226504351,74.68223179546905,0,2.4372113747522235,0.5827532913535833,2.4372113747522235,142.4828384755472,595.8967538956176,True,64f1fe824d014106,64f1fe824d014106,0,0,0,0,0,0,
gemma3-4b,gemma3-4b-iter1,delta_000099.pt,/root/grail/research/sparsity_analysis/experiments/gemma3-4b-iter1/checkpoints/deltas_math_instance0_seed42/delta_000099.pt,99,6,364129335,258,36398016,3879941376,99.06189262999834,zstd-9,87343037,4.168956650774578,76.01318306310037,0,10.180160679854453,0.6491136262193322,10.180160679854453,34.11152392975316,534.9768986705106,True,64f1fe824d014106,64f1fe824d014106,0,0,0,0,0,0,
gemma3-4b,gemma3-4b-iter1,delta_000099.pt,/root/grail/research/sparsity_analysis/experiments/gemma3-4b-iter1/checkpoints/deltas_math_instance0_seed42/delta_000099.pt,99,6,364129335,258,36398016,3879941376,99.06189262999834,brotli-6,84819696,4.292980901511366,76.70616238595554,0,14.67135801538825,1.5375065803527832,14.67135801538825,23.669301388144046,225.85971278243758,True,64f1fe824d014106,64f1fe824d014106,0,0,0,0,0,0,
gemma3-4b,gemma3-4b-iter1,delta_000099.pt,/root/grail/research/sparsity_analysis/experiments/gemma3-4b-iter1/checkpoints/deltas_math_instance0_seed42/delta_000099.pt,99,6,364129335,258,36398016,3879941376,99.06189262999834,gzip-6,100726148,3.615042789087894,72.33781013551133,0,26.443160384893417,1.409502780996263,26.443160384893417,13.132348387448133,246.3711312397248,True,64f1fe824d014106,64f1fe824d014106,0,0,0,0,0,0,
gemma3-4b,gemma3-4b-iter1,delta_000099.pt,/root/grail/research/sparsity_analysis/experiments/gemma3-4b-iter1/checkpoints/deltas_math_instance0_seed42/delta_000099.pt,99,6,364129335,258,36398016,3879941376,99.06189262999834,downcast+zstd-3,91555959,3.977123269496855,74.85619800448103,0.4859858974814415,1.5887883361428976,0.3582904729992151,2.074774233624339,218.5695770417302,969.2158201492232,True,64f1fe824d014106,82f91eaf0a0b3040,0,0,0,0,0,0,
gemma3-4b,gemma3-4b-iter1,delta_000099.pt,/root/grail/research/sparsity_analysis/experiments/gemma3-4b-iter1/checkpoints/deltas_math_instance0_seed42/delta_000099.pt,99,6,364129335,258,36398016,3879941376,99.06189262999834,downcast+zstd-9,84688862,4.299613035300911,76.74209302582007,0.3729330310598016,6.5077122915536165,0.4538708394393325,6.880645322613418,53.36142396619138,765.1092876302856,True,64f1fe824d014106,82f91eaf0a0b3040,0,0,0,0,0,0,
gemma3-4b,gemma3-4b-iter1,delta_000099.pt,/root/grail/research/sparsity_analysis/experiments/gemma3-4b-iter1/checkpoints/deltas_math_instance0_seed42/delta_000099.pt,99,6,364129335,258,36398016,3879941376,99.06189262999834,separate+zstd-3,91892698,3.962549178825939,74.76372014905088,0.3098386712372303,2.221594604663551,0.5685589835047722,2.531433275900781,156.31150431794384,610.7735603770874,True,64f1fe824d014106,0a85d4628b73b4c1,291183864,65359064,72796032,26528371,37530,5263,
gemma3-4b,gemma3-4b-iter1,delta_000099.pt,/root/grail/research/sparsity_analysis/experiments/gemma3-4b-iter1/checkpoints/deltas_math_instance0_seed42/delta_000099.pt,99,6,364129335,258,36398016,3879941376,99.06189262999834,separate+zstd-9,87101539,4.18051551304966,76.07950510221869,0.23684391006827354,10.136364250443876,0.6144883949309587,10.37320816051215,34.258910400184234,565.121811093933,True,64f1fe824d014106,0a85d4628b73b4c1,291183864,61561598,72796032,25534920,37530,5021,
gemma3-4b,gemma3-4b-iter1,delta_000099.pt,/root/grail/research/sparsity_analysis/experiments/gemma3-4b-iter1/checkpoints/deltas_math_instance0_seed42/delta_000099.pt,99,6,364129335,258,36398016,3879941376,99.06189262999834,delta-enc+zstd-3,31413060,11.591654394700802,91.37310373524286,5.90878954064101,0.9317430630326271,0.4224086292088032,6.840532603673637,372.7001664056685,822.0968290586956,True,64f1fe824d014106,8bca50ac3dceddbd,0,0,0,0,0,0,
gemma3-4b,gemma3-4b-iter1,delta_000099.pt,/root/grail/research/sparsity_analysis/experiments/gemma3-4b-iter1/checkpoints/deltas_math_instance0_seed42/delta_000099.pt,99,6,364129335,258,36398016,3879941376,99.06189262999834,delta-enc+zstd-9,29598875,12.302134287198415,91.87132918033095,5.747562688775361,4.567675165832043,0.38561298325657845,10.315237854607403,76.02572031330752,900.5422787036391,True,64f1fe824d014106,8bca50ac3dceddbd,0,0,0,0,0,0,
gemma3-4b,gemma3-4b-iter1,delta_000099.pt,/root/grail/research/sparsity_analysis/experiments/gemma3-4b-iter1/checkpoints/deltas_math_instance0_seed42/delta_000099.pt,99,6,364129335,258,36398016,3879941376,99.06189262999834,combined+zstd-9,29277474,12.437184130024333,91.95959479617318,5.45653891004622,4.793670671992004,0.38426444586366415,10.250209582038224,72.44152099737039,903.7026411826674,True,64f1fe824d014106,330b183433962a23,291183864,3737533,72796032,25534920,37530,5021,
gemma3-4b,gemma3-4b-iter1,delta_000116.pt,/root/grail/research/sparsity_analysis/experiments/gemma3-4b-iter1/checkpoints/deltas_math_instance0_seed42/delta_000116.pt,116,7,432496935,262,43234456,3879944704,98.8856940163238,zstd-1,118698010,3.6436746917661047,72.55517891704828,0,1.3620384093374014,0.6223761988803744,1.3620384093374014,302.8264225195938,662.7201033328744,True,a5a106b6c5b3af19,a5a106b6c5b3af19,0,0,0,0,0,0,
gemma3-4b,gemma3-4b-iter1,delta_000116.pt,/root/grail/research/sparsity_analysis/experiments/gemma3-4b-iter1/checkpoints/deltas_math_instance0_seed42/delta_000116.pt,116,7,432496935,262,43234456,3879944704,98.8856940163238,zstd-3,108055001,4.002562870736543,75.01600768569608,0,2.756870359182358,0.692982504144311,2.756870359182358,149.6121199388761,595.1971606313886,True,a5a106b6c5b3af19,a5a106b6c5b3af19,0,0,0,0,0,0,
gemma3-4b,gemma3-4b-iter1,delta_000116.pt,/root/grail/research/sparsity_analysis/experiments/gemma3-4b-iter1/checkpoints/deltas_math_instance0_seed42/delta_000116.pt,116,7,432496935,262,43234456,3879944704,98.8856940163238,zstd-9,102444945,4.221749887219911,76.31313965265441,0,11.678615974262357,0.7578010456636548,11.678615974262357,35.31764549351706,544.2869486577505,True,a5a106b6c5b3af19,a5a106b6c5b3af19,0,0,0,0,0,0,
gemma3-4b,gemma3-4b-iter1,delta_000116.pt,/root/grail/research/sparsity_analysis/experiments/gemma3-4b-iter1/checkpoints/deltas_math_instance0_seed42/delta_000116.pt,116,7,432496935,262,43234456,3879944704,98.8856940163238,brotli-6,99384859,4.351738678826319,77.02067900203731,0,17.251649048179388,1.735350172035396,17.251649048179388,23.908509713015025,237.68183821375177,True,a5a106b6c5b3af19,a5a106b6c5b3af19,0,0,0,0,0,0,
gemma3-4b,gemma3-4b-iter1,delta_000116.pt,/root/grail/research/sparsity_analysis/experiments/gemma3-4b-iter1/checkpoints/deltas_math_instance0_seed42/delta_000116.pt,116,7,432496935,262,43234456,3879944704,98.8856940163238,gzip-6,118436563,3.6517180509535727,72.61562951885428,0,31.060457514598966,1.677502954378724,31.060457514598966,13.279302748198711,245.87808787894593,True,a5a106b6c5b3af19,a5a106b6c5b3af19,0,0,0,0,0,0,
gemma3-4b,gemma3-4b-iter1,delta_000116.pt,/root/grail/research/sparsity_analysis/experiments/gemma3-4b-iter1/checkpoints/deltas_math_instance0_seed42/delta_000116.pt,116,7,432496935,262,43234456,3879944704,98.8856940163238,downcast+zstd-3,107778158,4.012844003142083,75.08001808151542,0.670252026990056,1.9791301554068923,0.4439786486327648,2.6493821823969483,208.40530255531618,929.0113840025875,True,a5a106b6c5b3af19,ba0e85658d8a7cbd,0,0,0,0,0,0,
gemma3-4b,gemma3-4b-iter1,delta_000116.pt,/root/grail/research/sparsity_analysis/experiments/gemma3-4b-iter1/checkpoints/deltas_math_instance0_seed42/delta_000116.pt,116,7,432496935,262,43234456,3879944704,98.8856940163238,downcast+zstd-9,98498411,4.390902661363746,77.22563952967667,0.36157062742859125,7.824985528364778,0.5451837610453367,8.186556155793369,52.710796376401376,756.5544836534917,True,a5a106b6c5b3af19,ba0e85658d8a7cbd,0,0,0,0,0,0,
gemma3-4b,gemma3-4b-iter1,delta_000116.pt,/root/grail/research/sparsity_analysis/experiments/gemma3-4b-iter1/checkpoints/deltas_math_instance0_seed42/delta_000116.pt,116,7,432496935,262,43234456,3879944704,98.8856940163238,separate+zstd-3,107788932,4.012442900909344,75.07752696559572,0.3863846929743886,2.6581052923575044,0.6974814096465707,3.044489985331893,155.1711363804203,591.3580105926072,True,a5a106b6c5b3af19,b2161f4554638e6e,345875368,76315476,86468912,31468224,38177,5232,
gemma3-4b,gemma3-4b-iter1,delta_000116.pt,/root/grail/research/sparsity_analysis/experiments/gemma3-4b-iter1/checkpoints/deltas_math_instance0_seed42/delta_000116.pt,116,7,432496935,262,43234456,3879944704,98.8856940163238,separate+zstd-9,102187099,4.2324025168774,76.3727576474039,0.22885929234325886,11.915647203102708,0.7465727683156729,12.144506495445967,34.61509155176421,552.4728952603889,True,a5a106b6c5b3af19,b2161f4554638e6e,345875368,71931201,86468912,30250796,38177,5102,
gemma3-4b,gemma3-4b-iter1,delta_000116.pt,/root/grail/research/sparsity_analysis/experiments/gemma3-4b-iter1/checkpoints/deltas_math_instance0_seed42/delta_000116.pt,116,7,432496935,262,43234456,3879944704,98.8856940163238,delta-enc+zstd-3,36548341,11.833558601196152,91.54945664528236,6.892849734053016,1.0653612837195396,0.4708208255469799,7.958211017772555,387.1561930558247,876.0470999870134,True,a5a106b6c5b3af19,3f228e50a5403745,0,0,0,0,0,0,
gemma3-4b,gemma3-4b-iter1,delta_000116.pt,/root/grail/research/sparsity_analysis/experiments/gemma3-4b-iter1/checkpoints/deltas_math_instance0_seed42/delta_000116.pt,116,7,432496935,262,43234456,3879944704,98.8856940163238,delta-enc+zstd-9,34463861,12.54928851413369,92.03142075446154,6.686541852541268,5.161031332798302,0.43266375083476305,11.84757318533957,79.9183713946351,953.3066221474255,True,a5a106b6c5b3af19,3f228e50a5403745,0,0,0,0,0,0,
gemma3-4b,gemma3-4b-iter1,delta_000116.pt,/root/grail/research/sparsity_analysis/experiments/gemma3-4b-iter1/checkpoints/deltas_math_instance0_seed42/delta_000116.pt,116,7,432496935,262,43234456,3879944704,98.8856940163238,combined+zstd-9,34140218,12.668253465751157,92.10625203621386,7.106949424371123,5.6409199591726065,0.47849082481116056,12.74786938354373,73.11949501485604,862.0044469958307,True,a5a106b6c5b3af19,f47ac2c743429253,345875368,3884320,86468912,30250796,38177,5102,
